epoch,time,train/box_loss,train/seg_loss,train/cls_loss,train/dfl_loss,train/sem_loss,metrics/precision(B),metrics/recall(B),metrics/mAP50(B),metrics/mAP50-95(B),metrics/precision(M),metrics/recall(M),metrics/mAP50(M),metrics/mAP50-95(M),val/box_loss,val/seg_loss,val/cls_loss,val/dfl_loss,val/sem_loss,lr/pg0,lr/pg1,lr/pg2,lr/pg3,lr/pg4,lr/pg5,lr/pg6,lr/pg7
1,244.779,1.46375,3.55278,4.59134,0.01962,3.72348,0.29,0.13506,0.12336,0.07512,0.47867,0.12499,0.10848,0.05212,1.91304,3.90055,3.47026,0.03931,0,0.00998205,0.00332735,0.00998205,0.00332735,0.00998205,0.00332735,0.00998205,0.00332735
2,412.207,1.35193,2.77562,2.49348,0.01727,2.41921,0.33519,0.31844,0.23351,0.13977,0.31459,0.29778,0.21302,0.10521,1.64242,3.3811,2.73319,0.03086,0,0.0199326,0.0066442,0.0199326,0.0066442,0.0199326,0.0066442,0.0199326,0.0066442
3,567.249,1.44754,2.78441,2.45161,0.0189,2.40372,0.33107,0.36532,0.2898,0.17325,0.33291,0.34287,0.27717,0.14305,1.62395,3.05953,2.48265,0.03091,0,0.0298336,0.00994455,0.0298336,0.00994455,0.0298336,0.00994455,0.0298336,0.00994455
4,719.064,1.51403,2.84825,2.52776,0.01996,2.59732,0.24802,0.2739,0.18898,0.0938,0.23791,0.23392,0.15689,0.06669,1.89266,3.70707,2.97714,0.03701,0,0.0297773,0.00992575,0.0297773,0.00992575,0.0297773,0.00992575,0.0297773,0.00992575
5,870.976,1.51329,2.80311,2.4513,0.01982,2.49649,0.32116,0.31303,0.26407,0.14639,0.33954,0.3049,0.25362,0.12665,1.74273,3.09672,2.64761,0.03331,0,0.029703,0.009901,0.029703,0.009901,0.029703,0.009901,0.029703,0.009901
6,1022.7,1.46141,2.68255,2.34806,0.01896,2.38376,0.36188,0.39116,0.32266,0.18993,0.36315,0.38025,0.30619,0.15919,1.63437,3.06737,2.40451,0.02925,0,0.0296288,0.00987625,0.0296288,0.00987625,0.0296288,0.00987625,0.0296288,0.00987625
7,1174.01,1.45828,2.63661,2.33603,0.01859,2.30356,0.38208,0.41975,0.36926,0.21996,0.40184,0.39964,0.35879,0.18927,1.5232,2.78837,2.24633,0.02725,0,0.0295545,0.0098515,0.0295545,0.0098515,0.0295545,0.0098515,0.0295545,0.0098515
8,1323.88,1.44726,2.60499,2.28084,0.01851,2.3085,0.43151,0.43378,0.40834,0.2421,0.44444,0.42005,0.38582,0.21075,1.50897,2.708,2.10805,0.0271,0,0.0294802,0.00982675,0.0294802,0.00982675,0.0294802,0.00982675,0.0294802,0.00982675
9,1475.06,1.4086,2.5568,2.25572,0.01804,2.23068,0.43646,0.44828,0.3918,0.24356,0.40685,0.44173,0.37213,0.20718,1.49792,2.72296,2.16342,0.026,0,0.029406,0.009802,0.029406,0.009802,0.029406,0.009802,0.029406,0.009802
10,1624.47,1.39777,2.50159,2.21895,0.01777,2.22077,0.47269,0.47326,0.4437,0.26531,0.4743,0.47002,0.43373,0.2315,1.49498,2.52332,2.03419,0.02655,0,0.0293318,0.00977725,0.0293318,0.00977725,0.0293318,0.00977725,0.0293318,0.00977725
11,1775.1,1.37417,2.45737,2.12017,0.01701,2.09377,0.51169,0.41988,0.42716,0.26381,0.50139,0.40669,0.41172,0.22776,1.49451,2.67366,2.0782,0.02652,0,0.0292575,0.0097525,0.0292575,0.0097525,0.0292575,0.0097525,0.0292575,0.0097525
12,1925.83,1.37481,2.48393,2.16775,0.01709,2.11357,0.43614,0.47188,0.42814,0.26425,0.4486,0.45014,0.40783,0.22244,1.43797,2.60163,1.9974,0.02503,0,0.0291833,0.00972775,0.0291833,0.00972775,0.0291833,0.00972775,0.0291833,0.00972775
13,2074.96,1.37131,2.42081,2.11017,0.01713,2.08471,0.55065,0.44465,0.4474,0.28274,0.54725,0.43521,0.42986,0.23805,1.45167,2.69107,1.94693,0.02551,0,0.029109,0.009703,0.029109,0.009703,0.029109,0.009703,0.029109,0.009703
14,2224.32,1.36703,2.43524,2.10078,0.01712,2.01425,0.46456,0.44893,0.4237,0.26216,0.46898,0.42705,0.40641,0.22362,1.49592,2.72449,2.10125,0.0265,0,0.0290348,0.00967825,0.0290348,0.00967825,0.0290348,0.00967825,0.0290348,0.00967825
15,2375.98,1.34891,2.41364,2.08723,0.01662,2.02974,0.46923,0.49541,0.45728,0.29242,0.47152,0.47705,0.44024,0.246,1.40463,2.58726,1.95025,0.02385,0,0.0289605,0.0096535,0.0289605,0.0096535,0.0289605,0.0096535,0.0289605,0.0096535
16,2526.29,1.3322,2.40765,2.0522,0.01668,2.02002,0.4985,0.43474,0.4211,0.26347,0.4917,0.41569,0.39824,0.22261,1.44019,2.72355,2.07409,0.02503,0,0.0288862,0.00962875,0.0288862,0.00962875,0.0288862,0.00962875,0.0288862,0.00962875
17,2677.19,1.33805,2.37997,2.03346,0.01627,1.96143,0.49912,0.4994,0.48518,0.30775,0.48484,0.4802,0.46338,0.26357,1.37516,2.46236,1.86383,0.02374,0,0.028812,0.009604,0.028812,0.009604,0.028812,0.009604,0.028812,0.009604
18,2827.68,1.33518,2.36093,1.99863,0.01617,1.96769,0.53481,0.46204,0.47458,0.29927,0.52831,0.44856,0.45675,0.26078,1.42445,2.51062,1.88891,0.02482,0,0.0287377,0.00957925,0.0287377,0.00957925,0.0287377,0.00957925,0.0287377,0.00957925
19,2978.09,1.30631,2.3238,1.95966,0.01624,1.93244,0.53354,0.45858,0.46666,0.29211,0.51768,0.45054,0.44584,0.25312,1.40485,2.463,1.91314,0.02443,0,0.0286635,0.0095545,0.0286635,0.0095545,0.0286635,0.0095545,0.0286635,0.0095545
20,3128.68,1.31816,2.32787,2.00493,0.0162,1.93854,0.50101,0.51625,0.48786,0.31378,0.47654,0.50388,0.46801,0.27224,1.39305,2.49692,1.87556,0.02399,0,0.0285893,0.00952975,0.0285893,0.00952975,0.0285893,0.00952975,0.0285893,0.00952975
21,3278.91,1.32889,2.31753,1.95629,0.01633,1.89639,0.46484,0.52504,0.48835,0.30877,0.45989,0.51585,0.46872,0.26998,1.43912,2.46861,1.85023,0.02515,0,0.028515,0.009505,0.028515,0.009505,0.028515,0.009505,0.028515,0.009505
22,3429.49,1.30165,2.32337,1.95856,0.01566,1.90493,0.57128,0.47993,0.50961,0.33075,0.5468,0.47028,0.49065,0.28752,1.39066,2.48073,1.81396,0.02374,0,0.0284408,0.00948025,0.0284408,0.00948025,0.0284408,0.00948025,0.0284408,0.00948025
23,3580.15,1.293,2.26358,1.95173,0.01545,1.88005,0.48284,0.51686,0.49147,0.31694,0.47904,0.50197,0.46852,0.27207,1.38767,2.44144,1.81281,0.02407,0,0.0283665,0.0094555,0.0283665,0.0094555,0.0283665,0.0094555,0.0283665,0.0094555
24,3729.87,1.29225,2.25494,1.94907,0.01581,1.86902,0.49775,0.53052,0.5029,0.3295,0.49343,0.51242,0.48685,0.28606,1.34117,2.41325,1.77921,0.02278,0,0.0282922,0.00943075,0.0282922,0.00943075,0.0282922,0.00943075,0.0282922,0.00943075
25,3880.13,1.28254,2.25295,1.92095,0.01552,1.85824,0.52727,0.50558,0.49656,0.33504,0.5262,0.49378,0.48267,0.28662,1.34265,2.41547,1.80926,0.02252,0,0.028218,0.009406,0.028218,0.009406,0.028218,0.009406,0.028218,0.009406
26,4030.48,1.2761,2.25683,1.91654,0.01563,1.87057,0.51565,0.52574,0.5063,0.32871,0.50762,0.52675,0.49382,0.28274,1.36819,2.38666,1.77764,0.02312,0,0.0281437,0.00938125,0.0281437,0.00938125,0.0281437,0.00938125,0.0281437,0.00938125
27,4180.98,1.28101,2.2449,1.8859,0.01543,1.7951,0.52572,0.51485,0.49507,0.31979,0.5347,0.49187,0.48184,0.28065,1.40053,2.42664,1.842,0.02422,0,0.0280695,0.0093565,0.0280695,0.0093565,0.0280695,0.0093565,0.0280695,0.0093565
28,4331.21,1.26761,2.21655,1.84577,0.01548,1.78622,0.52239,0.54809,0.52685,0.34361,0.51292,0.53984,0.50826,0.29708,1.38187,2.4086,1.71046,0.02361,0,0.0279952,0.00933175,0.0279952,0.00933175,0.0279952,0.00933175,0.0279952,0.00933175
29,4480.77,1.2583,2.1968,1.86379,0.01514,1.77345,0.49127,0.5331,0.50701,0.32524,0.4823,0.5236,0.48544,0.27939,1.38761,2.4078,1.80041,0.02428,0,0.027921,0.009307,0.027921,0.009307,0.027921,0.009307,0.027921,0.009307
30,4632.23,1.26055,2.20941,1.84235,0.01497,1.74147,0.53176,0.5678,0.5369,0.34501,0.53403,0.5549,0.52076,0.29589,1.36352,2.40928,1.71207,0.02319,0,0.0278467,0.00928225,0.0278467,0.00928225,0.0278467,0.00928225,0.0278467,0.00928225
31,4783.27,1.26387,2.20597,1.8714,0.01515,1.75039,0.56941,0.55684,0.55627,0.37356,0.57371,0.55112,0.54328,0.31648,1.29513,2.29005,1.64776,0.02165,0,0.0277725,0.0092575,0.0277725,0.0092575,0.0277725,0.0092575,0.0277725,0.0092575
32,4933.52,1.25877,2.18287,1.83092,0.01517,1.74306,0.58432,0.48474,0.52833,0.34716,0.56027,0.49679,0.5119,0.30187,1.35493,2.42032,1.81635,0.02356,0,0.0276982,0.00923275,0.0276982,0.00923275,0.0276982,0.00923275,0.0276982,0.00923275
33,5083.64,1.25438,2.17358,1.80978,0.01498,1.72044,0.54878,0.5382,0.53714,0.3588,0.54564,0.53538,0.52491,0.30963,1.30613,2.36555,1.6746,0.02163,0,0.027624,0.009208,0.027624,0.009208,0.027624,0.009208,0.027624,0.009208
34,5233.78,1.24805,2.16929,1.79592,0.01499,1.73245,0.51682,0.57765,0.54904,0.36714,0.51238,0.56721,0.53078,0.31649,1.3107,2.31612,1.66959,0.02232,0,0.0275497,0.00918325,0.0275497,0.00918325,0.0275497,0.00918325,0.0275497,0.00918325
35,5384.17,1.24104,2.158,1.80645,0.01491,1.74477,0.53329,0.57325,0.56478,0.37505,0.53128,0.56572,0.54936,0.32592,1.28327,2.25384,1.62619,0.02102,0,0.0274755,0.0091585,0.0274755,0.0091585,0.0274755,0.0091585,0.0274755,0.0091585
36,5534.52,1.22212,2.13471,1.78164,0.01458,1.69845,0.55722,0.54747,0.55824,0.37498,0.58447,0.51515,0.53915,0.32736,1.27633,2.34413,1.64014,0.02102,0,0.0274012,0.00913375,0.0274012,0.00913375,0.0274012,0.00913375,0.0274012,0.00913375
37,5685.36,1.24038,2.15347,1.78403,0.01493,1.70899,0.52406,0.51549,0.50515,0.33735,0.52109,0.5046,0.49535,0.29072,1.33914,2.39676,1.84424,0.02209,0,0.027327,0.009109,0.027327,0.009109,0.027327,0.009109,0.027327,0.009109
38,5835.42,1.24203,2.15099,1.76321,0.0146,1.67532,0.55828,0.54298,0.54959,0.36429,0.54705,0.54164,0.53602,0.31626,1.31755,2.28649,1.67502,0.02224,0,0.0272527,0.00908425,0.0272527,0.00908425,0.0272527,0.00908425,0.0272527,0.00908425
39,5985.78,1.24253,2.14931,1.76008,0.01478,1.72577,0.61409,0.5225,0.56908,0.38006,0.60602,0.5122,0.55111,0.32828,1.2573,2.2422,1.63707,0.02096,0,0.0271785,0.0090595,0.0271785,0.0090595,0.0271785,0.0090595,0.0271785,0.0090595
40,6136.45,1.23464,2.11786,1.73429,0.01449,1.67923,0.56665,0.56791,0.5708,0.38127,0.56125,0.56214,0.56099,0.33426,1.3095,2.24699,1.57138,0.02181,0,0.0271042,0.00903475,0.0271042,0.00903475,0.0271042,0.00903475,0.0271042,0.00903475
41,6287.74,1.2317,2.10626,1.69693,0.01444,1.65034,0.5421,0.58201,0.56243,0.37348,0.54473,0.57332,0.54744,0.32143,1.32349,2.27537,1.62696,0.0222,0,0.02703,0.00901,0.02703,0.00901,0.02703,0.00901,0.02703,0.00901
42,6438.19,1.214,2.07852,1.72356,0.01446,1.64836,0.55129,0.56741,0.56675,0.37432,0.53936,0.55043,0.54786,0.32811,1.30626,2.26792,1.60666,0.02185,0,0.0269558,0.00898525,0.0269558,0.00898525,0.0269558,0.00898525,0.0269558,0.00898525
43,6588.77,1.2111,2.09285,1.72719,0.01453,1.65015,0.59422,0.57209,0.58802,0.40003,0.59467,0.56211,0.57881,0.34797,1.27206,2.24589,1.55799,0.02079,0,0.0268815,0.0089605,0.0268815,0.0089605,0.0268815,0.0089605,0.0268815,0.0089605
44,6739.73,1.21362,2.07358,1.69967,0.01452,1.5952,0.58342,0.53777,0.57071,0.38947,0.5846,0.53595,0.55923,0.33741,1.28125,2.22355,1.58704,0.02112,0,0.0268072,0.00893575,0.0268072,0.00893575,0.0268072,0.00893575,0.0268072,0.00893575
45,6890.08,1.21633,2.09554,1.70447,0.01458,1.62767,0.59245,0.56743,0.58183,0.3854,0.58057,0.55618,0.56602,0.33569,1.31377,2.24813,1.5832,0.02173,0,0.026733,0.008911,0.026733,0.008911,0.026733,0.008911,0.026733,0.008911
46,7040.48,1.21329,2.09257,1.7068,0.01434,1.60046,0.566,0.57084,0.56653,0.37838,0.55975,0.55934,0.54789,0.32682,1.25622,2.25959,1.5997,0.02066,0,0.0266587,0.00888625,0.0266587,0.00888625,0.0266587,0.00888625,0.0266587,0.00888625
47,7192.48,1.21213,2.0669,1.68278,0.01428,1.63107,0.56953,0.5662,0.57545,0.38629,0.56783,0.56194,0.56463,0.33499,1.29315,2.23978,1.57964,0.0218,0,0.0265845,0.0088615,0.0265845,0.0088615,0.0265845,0.0088615,0.0265845,0.0088615
48,7342.39,1.21125,2.05947,1.69948,0.0144,1.60466,0.59016,0.55865,0.56668,0.3798,0.58917,0.55731,0.55444,0.3316,1.30894,2.23884,1.59561,0.02223,0,0.0265103,0.00883675,0.0265103,0.00883675,0.0265103,0.00883675,0.0265103,0.00883675
49,7493.45,1.20529,2.04542,1.67142,0.01435,1.58392,0.58572,0.56884,0.58122,0.39196,0.58046,0.56272,0.56672,0.33596,1.28093,2.27091,1.54591,0.02149,0,0.026436,0.008812,0.026436,0.008812,0.026436,0.008812,0.026436,0.008812
50,7643.37,1.19897,2.05207,1.68676,0.01415,1.61047,0.58244,0.58292,0.58312,0.39025,0.57582,0.5682,0.56665,0.33256,1.29163,2.26209,1.56402,0.02142,0,0.0263617,0.00878725,0.0263617,0.00878725,0.0263617,0.00878725,0.0263617,0.00878725
51,7793.96,1.21507,2.05425,1.68809,0.0143,1.56448,0.59595,0.56627,0.58168,0.39384,0.59105,0.55439,0.56642,0.34456,1.28543,2.17698,1.52638,0.02131,0,0.0262875,0.0087625,0.0262875,0.0087625,0.0262875,0.0087625,0.0262875,0.0087625
52,7944.12,1.2078,2.0491,1.68371,0.01418,1.58102,0.54329,0.60092,0.59358,0.40288,0.55692,0.57422,0.57833,0.34798,1.24717,2.18442,1.51779,0.02042,0,0.0262133,0.00873775,0.0262133,0.00873775,0.0262133,0.00873775,0.0262133,0.00873775
53,8094.89,1.19567,2.02956,1.66524,0.01411,1.56729,0.60317,0.58788,0.60437,0.40899,0.591,0.57768,0.58618,0.35179,1.27687,2.20091,1.51805,0.02113,0,0.026139,0.008713,0.026139,0.008713,0.026139,0.008713,0.026139,0.008713
54,8246.39,1.19608,2.02111,1.63516,0.01418,1.5404,0.56389,0.57044,0.57207,0.38906,0.57837,0.56573,0.55963,0.33769,1.29586,2.25123,1.57171,0.02154,0,0.0260647,0.00868825,0.0260647,0.00868825,0.0260647,0.00868825,0.0260647,0.00868825
55,8396.66,1.19998,2.02101,1.62632,0.01392,1.52071,0.59416,0.59172,0.60242,0.41072,0.60172,0.57816,0.58593,0.35522,1.26198,2.21454,1.51071,0.02106,0,0.0259905,0.0086635,0.0259905,0.0086635,0.0259905,0.0086635,0.0259905,0.0086635
56,8547.22,1.18236,2.00213,1.62114,0.01382,1.5199,0.60051,0.62025,0.61644,0.41604,0.58644,0.6037,0.5978,0.36038,1.27302,2.22243,1.49093,0.02101,0,0.0259163,0.00863875,0.0259163,0.00863875,0.0259163,0.00863875,0.0259163,0.00863875
57,8698.17,1.20383,2.01047,1.6209,0.01428,1.51113,0.58899,0.60127,0.60363,0.40936,0.5847,0.59818,0.59219,0.35654,1.2643,2.21009,1.49519,0.0207,0,0.025842,0.008614,0.025842,0.008614,0.025842,0.008614,0.025842,0.008614
58,8848.41,1.19089,2.00462,1.60618,0.01395,1.54939,0.5917,0.60333,0.60898,0.41339,0.58447,0.60261,0.59523,0.35816,1.27631,2.19425,1.48462,0.02074,0,0.0257677,0.00858925,0.0257677,0.00858925,0.0257677,0.00858925,0.0257677,0.00858925
59,8999.34,1.18223,2.01053,1.61778,0.01388,1.54502,0.60653,0.57525,0.59734,0.4051,0.58487,0.57018,0.57632,0.35003,1.25801,2.2103,1.55204,0.02077,0,0.0256935,0.0085645,0.0256935,0.0085645,0.0256935,0.0085645,0.0256935,0.0085645
60,9150.27,1.18895,2.00196,1.64473,0.01375,1.50463,0.61787,0.57539,0.60092,0.4077,0.62075,0.57553,0.5931,0.35437,1.26312,2.22,1.53381,0.02059,0,0.0256192,0.00853975,0.0256192,0.00853975,0.0256192,0.00853975,0.0256192,0.00853975
61,9300.62,1.18201,1.98636,1.58613,0.01399,1.50465,0.58991,0.59443,0.60902,0.4057,0.57893,0.5897,0.59261,0.35363,1.27617,2.19478,1.50671,0.02085,0,0.025545,0.008515,0.025545,0.008515,0.025545,0.008515,0.025545,0.008515
62,9450.75,1.1889,2.00053,1.59764,0.01386,1.49207,0.58904,0.60503,0.60894,0.41582,0.57624,0.59716,0.59299,0.36207,1.25836,2.21561,1.51537,0.02044,0,0.0254708,0.00849025,0.0254708,0.00849025,0.0254708,0.00849025,0.0254708,0.00849025
63,9601.75,1.1694,1.9647,1.57777,0.01389,1.49917,0.58816,0.59996,0.608,0.42008,0.59083,0.60006,0.59876,0.36789,1.25401,2.20207,1.47781,0.02026,0,0.0253965,0.0084655,0.0253965,0.0084655,0.0253965,0.0084655,0.0253965,0.0084655
64,9752.56,1.17452,1.97685,1.57597,0.01364,1.48667,0.58286,0.60238,0.61272,0.4179,0.56852,0.5963,0.6007,0.36599,1.25367,2.1988,1.48539,0.02049,0,0.0253223,0.00844075,0.0253223,0.00844075,0.0253223,0.00844075,0.0253223,0.00844075
65,9903.57,1.16656,1.95624,1.56515,0.01378,1.46978,0.60408,0.60313,0.61739,0.42526,0.59528,0.59602,0.59964,0.36668,1.23468,2.20028,1.46685,0.02028,0,0.025248,0.008416,0.025248,0.008416,0.025248,0.008416,0.025248,0.008416
66,10054.7,1.18383,1.97521,1.56039,0.01384,1.48098,0.62104,0.59835,0.61176,0.4173,0.59458,0.606,0.59634,0.36669,1.25701,2.16075,1.46479,0.02051,0,0.0251737,0.00839125,0.0251737,0.00839125,0.0251737,0.00839125,0.0251737,0.00839125
67,10205.1,1.16846,1.97684,1.5854,0.01348,1.49419,0.60911,0.6157,0.63077,0.43056,0.61795,0.60796,0.61781,0.37554,1.24549,2.1673,1.43651,0.02032,0,0.0250995,0.0083665,0.0250995,0.0083665,0.0250995,0.0083665,0.0250995,0.0083665
68,10355.9,1.16301,1.93546,1.5588,0.0135,1.45663,0.606,0.59493,0.61449,0.42581,0.59429,0.60315,0.6052,0.37061,1.25282,2.15379,1.44412,0.02042,0,0.0250252,0.00834175,0.0250252,0.00834175,0.0250252,0.00834175,0.0250252,0.00834175
69,10506.6,1.17605,1.95259,1.5461,0.01376,1.45143,0.58848,0.61111,0.61067,0.41627,0.5823,0.60529,0.59874,0.36242,1.26936,2.15901,1.45281,0.02079,0,0.024951,0.008317,0.024951,0.008317,0.024951,0.008317,0.024951,0.008317
70,10657.8,1.17504,1.95517,1.53972,0.01386,1.46154,0.61945,0.60582,0.61892,0.42233,0.60754,0.60013,0.6061,0.36209,1.26501,2.21313,1.44083,0.0208,0,0.0248767,0.00829225,0.0248767,0.00829225,0.0248767,0.00829225,0.0248767,0.00829225
71,10808.2,1.16273,1.93345,1.54769,0.01374,1.45087,0.63679,0.6089,0.62805,0.42504,0.63711,0.60583,0.62122,0.36933,1.26753,2.1581,1.45174,0.02079,0,0.0248025,0.0082675,0.0248025,0.0082675,0.0248025,0.0082675,0.0248025,0.0082675
72,10958.4,1.15412,1.92159,1.52115,0.0137,1.44158,0.60153,0.60009,0.61628,0.42314,0.59786,0.59649,0.60083,0.36187,1.24459,2.1971,1.44979,0.02065,0,0.0247282,0.00824275,0.0247282,0.00824275,0.0247282,0.00824275,0.0247282,0.00824275
73,11109.3,1.14964,1.92106,1.51963,0.01348,1.39897,0.62259,0.59195,0.62662,0.43289,0.61969,0.59028,0.61411,0.37617,1.23679,2.18093,1.43976,0.02022,0,0.024654,0.008218,0.024654,0.008218,0.024654,0.008218,0.024654,0.008218
74,11259.4,1.13846,1.90465,1.50818,0.01339,1.42954,0.61559,0.62746,0.63667,0.43878,0.61939,0.60273,0.62555,0.3782,1.22768,2.14552,1.41848,0.01996,0,0.0245797,0.00819325,0.0245797,0.00819325,0.0245797,0.00819325,0.0245797,0.00819325
75,11409.1,1.15201,1.89595,1.51431,0.0135,1.42398,0.60652,0.62734,0.63458,0.43688,0.61714,0.61021,0.61856,0.37732,1.23069,2.16015,1.41597,0.02025,0,0.0245055,0.0081685,0.0245055,0.0081685,0.0245055,0.0081685,0.0245055,0.0081685
76,11559.4,1.16054,1.91294,1.49756,0.01362,1.4016,0.60882,0.6323,0.6366,0.43894,0.62048,0.61472,0.62202,0.38141,1.22556,2.14104,1.40045,0.01998,0,0.0244312,0.00814375,0.0244312,0.00814375,0.0244312,0.00814375,0.0244312,0.00814375
77,11708.8,1.15225,1.90479,1.51,0.0134,1.42591,0.59437,0.6205,0.63027,0.44006,0.59601,0.61123,0.61545,0.38155,1.22879,2.20637,1.41295,0.0199,0,0.024357,0.008119,0.024357,0.008119,0.024357,0.008119,0.024357,0.008119
78,11858.9,1.15995,1.93128,1.5281,0.01339,1.4184,0.64579,0.61381,0.63549,0.44096,0.64549,0.60874,0.62222,0.38426,1.24262,2.15229,1.42539,0.02031,0,0.0242827,0.00809425,0.0242827,0.00809425,0.0242827,0.00809425,0.0242827,0.00809425
79,12009.1,1.14978,1.91019,1.49345,0.01344,1.39964,0.63312,0.61775,0.64055,0.44246,0.63214,0.61361,0.62996,0.38288,1.22341,2.16157,1.4148,0.01992,0,0.0242085,0.0080695,0.0242085,0.0080695,0.0242085,0.0080695,0.0242085,0.0080695
80,12159.2,1.13872,1.88416,1.47287,0.01338,1.35576,0.65104,0.61611,0.64871,0.44718,0.64974,0.6103,0.63593,0.38863,1.21873,2.10166,1.39762,0.01992,0,0.0241342,0.00804475,0.0241342,0.00804475,0.0241342,0.00804475,0.0241342,0.00804475
81,12308.5,1.14735,1.88854,1.48431,0.01309,1.37809,0.62967,0.60975,0.63673,0.44405,0.62434,0.62459,0.6289,0.38196,1.21822,2.13514,1.40595,0.01994,0,0.02406,0.00802,0.02406,0.00802,0.02406,0.00802,0.02406,0.00802
82,12458.3,1.1269,1.84881,1.44985,0.01318,1.30869,0.59164,0.63971,0.63597,0.43945,0.60674,0.62602,0.62911,0.37908,1.23103,2.19314,1.41797,0.01988,0,0.0239858,0.00799525,0.0239858,0.00799525,0.0239858,0.00799525,0.0239858,0.00799525
83,12608.4,1.13636,1.89254,1.47848,0.01334,1.3852,0.59745,0.6152,0.63259,0.4409,0.6057,0.60551,0.62365,0.38128,1.21164,2.16448,1.42186,0.01937,0,0.0239115,0.0079705,0.0239115,0.0079705,0.0239115,0.0079705,0.0239115,0.0079705
84,12758.3,1.13444,1.86462,1.45653,0.01307,1.36208,0.63327,0.60968,0.64199,0.44449,0.63068,0.60323,0.62948,0.38576,1.2395,2.17801,1.40581,0.02025,0,0.0238373,0.00794575,0.0238373,0.00794575,0.0238373,0.00794575,0.0238373,0.00794575
85,12908.6,1.12262,1.85572,1.44111,0.01309,1.34772,0.65711,0.60497,0.64878,0.44842,0.66332,0.60183,0.64099,0.38919,1.23459,2.16804,1.40071,0.02015,0,0.023763,0.007921,0.023763,0.007921,0.023763,0.007921,0.023763,0.007921
86,13058,1.13186,1.8933,1.4737,0.01289,1.35556,0.64778,0.6225,0.65675,0.4531,0.64249,0.61947,0.64197,0.39226,1.21981,2.16813,1.3689,0.01972,0,0.0236888,0.00789625,0.0236888,0.00789625,0.0236888,0.00789625,0.0236888,0.00789625
87,13207.8,1.14155,1.8755,1.45338,0.01349,1.34622,0.63824,0.62059,0.65349,0.45285,0.65028,0.61057,0.63991,0.39229,1.23024,2.19326,1.38186,0.01996,0,0.0236145,0.0078715,0.0236145,0.0078715,0.0236145,0.0078715,0.0236145,0.0078715
88,13357.5,1.12441,1.85453,1.43013,0.01294,1.32916,0.66601,0.60108,0.64884,0.45033,0.66139,0.59995,0.63575,0.39034,1.21536,2.18988,1.39364,0.01971,0,0.0235402,0.00784675,0.0235402,0.00784675,0.0235402,0.00784675,0.0235402,0.00784675
89,13507.5,1.13564,1.856,1.43648,0.01307,1.32838,0.63628,0.62164,0.64185,0.44288,0.62845,0.62031,0.63066,0.38538,1.24588,2.16494,1.41066,0.02042,0,0.023466,0.007822,0.023466,0.007822,0.023466,0.007822,0.023466,0.007822
90,13657.2,1.13535,1.87292,1.45209,0.01317,1.34106,0.64112,0.61944,0.65326,0.45241,0.64165,0.61458,0.64166,0.39129,1.2254,2.15175,1.3728,0.02,0,0.0233917,0.00779725,0.0233917,0.00779725,0.0233917,0.00779725,0.0233917,0.00779725
91,13806.6,1.13377,1.8509,1.44227,0.0131,1.32746,0.63765,0.62862,0.6451,0.44406,0.64562,0.62485,0.63596,0.38581,1.23554,2.19677,1.40373,0.02026,0,0.0233175,0.0077725,0.0233175,0.0077725,0.0233175,0.0077725,0.0233175,0.0077725
92,13956.5,1.1184,1.82512,1.41407,0.01276,1.296,0.64141,0.61956,0.64527,0.44811,0.63501,0.61379,0.63286,0.38943,1.22336,2.13427,1.39169,0.02011,0,0.0232433,0.00774775,0.0232433,0.00774775,0.0232433,0.00774775,0.0232433,0.00774775
93,14106.3,1.11109,1.82775,1.42568,0.01265,1.31964,0.66039,0.60766,0.64214,0.4469,0.65554,0.60294,0.62867,0.39046,1.21294,2.12976,1.4048,0.02,0,0.023169,0.007723,0.023169,0.007723,0.023169,0.007723,0.023169,0.007723
94,14258,1.12466,1.84071,1.42216,0.01287,1.31658,0.63122,0.62603,0.64314,0.44803,0.6333,0.61074,0.62812,0.38711,1.21976,2.12816,1.40332,0.01978,0,0.0230947,0.00769825,0.0230947,0.00769825,0.0230947,0.00769825,0.0230947,0.00769825
95,14410.7,1.12571,1.84622,1.41902,0.01291,1.31223,0.62199,0.62929,0.64638,0.45003,0.61753,0.62375,0.63403,0.39005,1.22291,2.15299,1.38541,0.01993,0,0.0230205,0.0076735,0.0230205,0.0076735,0.0230205,0.0076735,0.0230205,0.0076735
96,14560.2,1.11879,1.81919,1.41784,0.01289,1.2626,0.63239,0.63313,0.65463,0.45605,0.62624,0.62333,0.63554,0.39289,1.21204,2.14688,1.3875,0.01971,0,0.0229462,0.00764875,0.0229462,0.00764875,0.0229462,0.00764875,0.0229462,0.00764875
97,14710.6,1.11214,1.80681,1.38444,0.01285,1.29072,0.63049,0.63267,0.65029,0.45495,0.65506,0.60977,0.63625,0.39231,1.20809,2.15516,1.41296,0.01971,0,0.022872,0.007624,0.022872,0.007624,0.022872,0.007624,0.022872,0.007624
98,14860.6,1.11402,1.79695,1.37042,0.01297,1.30072,0.65485,0.63494,0.64927,0.45002,0.65117,0.6248,0.63487,0.39169,nan,nan,nan,nan,0,0.0227978,0.00759925,0.0227978,0.00759925,0.0227978,0.00759925,0.0227978,0.00759925
99,15010.3,1.11645,1.81657,1.40668,0.01277,1.2711,0.63432,0.63957,0.64633,0.45201,0.631,0.63013,0.63479,0.39211,1.2263,nan,nan,0.0199,0,0.0227235,0.0075745,0.0227235,0.0075745,0.0227235,0.0075745,0.0227235,0.0075745
100,15160.5,1.09559,1.81157,1.36681,0.01256,1.2551,0.61843,0.63738,0.6498,0.45612,0.62476,0.63148,0.63913,0.39331,1.21376,2.14062,1.40458,0.01978,0,0.0226492,0.00754975,0.0226492,0.00754975,0.0226492,0.00754975,0.0226492,0.00754975
101,15310,1.11103,1.80649,1.38016,0.01268,1.23592,0.64501,0.62608,0.64612,0.45723,0.65911,0.61471,0.63407,0.39337,1.20959,2.18355,1.38596,0.01953,0,0.022575,0.007525,0.022575,0.007525,0.022575,0.007525,0.022575,0.007525
102,15460.2,1.11795,1.80434,1.3687,0.0129,1.27018,0.63733,0.63988,0.65916,0.46309,0.65235,0.62854,0.65151,0.40287,1.21095,2.14611,1.39403,0.01981,0,0.0225007,0.00750025,0.0225007,0.00750025,0.0225007,0.00750025,0.0225007,0.00750025
103,15610.1,1.10898,1.79684,1.36218,0.01279,1.25891,0.65009,0.63683,0.65804,0.46025,0.64598,0.63458,0.64811,0.39849,1.21092,2.15461,1.39036,0.01964,0,0.0224265,0.0074755,0.0224265,0.0074755,0.0224265,0.0074755,0.0224265,0.0074755
104,15759.7,1.1036,1.78388,1.36624,0.0126,1.27628,0.63748,0.64779,0.65478,0.45997,0.64206,0.6471,0.64643,0.39959,1.19074,2.12639,1.4125,0.01915,0,0.0223522,0.00745075,0.0223522,0.00745075,0.0223522,0.00745075,0.0223522,0.00745075
105,15909.5,1.10879,1.79697,1.35839,0.01265,1.28017,0.65569,0.62483,0.66527,0.46532,0.6522,0.62397,0.65183,0.4058,1.19996,2.1457,1.35097,0.0195,0,0.022278,0.007426,0.022278,0.007426,0.022278,0.007426,0.022278,0.007426
106,16059,1.10132,1.80523,1.3639,0.01266,1.25414,0.65531,0.64143,0.66266,0.46316,0.64505,0.63974,0.6482,0.40228,1.21677,2.15727,1.35015,0.0196,0,0.0222038,0.00740125,0.0222038,0.00740125,0.0222038,0.00740125,0.0222038,0.00740125
107,16209,1.09946,1.7804,1.35051,0.0125,1.24784,0.65639,0.64105,0.66582,0.46359,0.64581,0.64286,0.65167,0.40549,1.22566,2.1592,1.35248,0.01977,0,0.0221295,0.0073765,0.0221295,0.0073765,0.0221295,0.0073765,0.0221295,0.0073765
108,16358.1,1.09664,1.77026,1.34691,0.01249,1.23506,0.66688,0.63751,0.66026,0.45989,0.66207,0.63556,0.64937,0.3991,1.22957,2.14532,1.3536,0.01987,0,0.0220552,0.00735175,0.0220552,0.00735175,0.0220552,0.00735175,0.0220552,0.00735175
109,16508,1.08494,1.75916,1.32543,0.01234,1.24883,0.63841,0.65704,0.66518,0.46418,0.65502,0.64702,0.65604,0.40484,1.21842,2.16711,1.34577,0.01953,0,0.021981,0.007327,0.021981,0.007327,0.021981,0.007327,0.021981,0.007327
110,16657.3,1.10705,1.77536,1.34347,0.01247,1.22977,0.64264,0.66348,0.66392,0.46149,0.65696,0.64296,0.65119,0.40299,1.22612,2.16151,1.3587,0.01968,0,0.0219067,0.00730225,0.0219067,0.00730225,0.0219067,0.00730225,0.0219067,0.00730225
111,16807.5,1.09442,1.77022,1.32048,0.01241,1.25197,0.65742,0.63644,0.66595,0.46355,0.65476,0.63082,0.65684,0.40295,1.22153,2.18752,1.35466,0.01971,0,0.0218325,0.0072775,0.0218325,0.0072775,0.0218325,0.0072775,0.0218325,0.0072775
112,16956.9,1.09431,1.75464,1.32657,0.01254,1.21793,0.65313,0.64062,0.66216,0.46394,0.66443,0.63675,0.65455,0.40158,1.21326,2.18345,1.35237,0.01936,0,0.0217582,0.00725275,0.0217582,0.00725275,0.0217582,0.00725275,0.0217582,0.00725275
113,17107.2,1.09327,1.75968,1.32094,0.01247,1.21845,0.66388,0.63504,0.66118,0.46164,0.67079,0.62926,0.6505,0.40115,1.20103,2.17555,1.36912,0.01947,0,0.021684,0.007228,0.021684,0.007228,0.021684,0.007228,0.021684,0.007228
114,17257.1,1.0959,1.74831,1.31656,0.01254,1.20455,0.64437,0.6592,0.66916,0.46962,0.65083,0.65185,0.65936,0.40502,1.2018,2.17872,1.33058,0.0193,0,0.0216098,0.00720325,0.0216098,0.00720325,0.0216098,0.00720325,0.0216098,0.00720325
115,17407.2,1.09523,1.74919,1.31546,0.01254,1.2154,0.65857,0.65082,0.66667,0.46969,0.65042,0.64848,0.65824,0.40434,1.20704,2.19108,1.34191,0.01939,0,0.0215355,0.0071785,0.0215355,0.0071785,0.0215355,0.0071785,0.0215355,0.0071785
116,17556.7,1.07306,1.73065,1.28022,0.01239,1.20804,0.66682,0.64586,0.6679,0.46989,0.66186,0.6413,0.65741,0.40688,1.21818,2.16822,1.34792,0.01949,0,0.0214612,0.00715375,0.0214612,0.00715375,0.0214612,0.00715375,0.0214612,0.00715375
117,17706.5,1.08276,1.74937,1.31985,0.01232,1.18815,0.65504,0.65005,0.66668,0.46887,0.66775,0.64121,0.65779,0.40988,1.21201,2.17057,1.34312,0.01935,0,0.021387,0.007129,0.021387,0.007129,0.021387,0.007129,0.021387,0.007129
118,17856.8,1.08676,1.73659,1.28458,0.01241,1.21317,0.64357,0.65862,0.66262,0.46722,0.64302,0.66148,0.6554,0.40851,1.20694,2.19416,1.35386,0.01939,0,0.0213127,0.00710425,0.0213127,0.00710425,0.0213127,0.00710425,0.0213127,0.00710425
119,18007.3,1.08191,1.7505,1.30773,0.01233,1.21615,0.65186,0.65145,0.66722,0.46717,0.65289,0.64954,0.65664,0.40909,1.21035,2.18583,1.34377,0.01955,0,0.0212385,0.0070795,0.0212385,0.0070795,0.0212385,0.0070795,0.0212385,0.0070795
120,18156.7,1.07441,1.73289,1.29286,0.01219,1.18172,0.63937,0.64627,0.66117,0.4655,0.64117,0.64574,0.65506,0.40594,1.21756,2.2013,1.34816,0.01967,0,0.0211642,0.00705475,0.0211642,0.00705475,0.0211642,0.00705475,0.0211642,0.00705475
121,18307.3,1.06642,1.69127,1.26263,0.01204,1.16321,0.66196,0.64253,0.65999,0.46738,0.66802,0.64899,0.65488,0.4099,1.19883,2.16971,1.33663,0.0194,0,0.02109,0.00703,0.02109,0.00703,0.02109,0.00703,0.02109,0.00703
122,18457,1.08464,1.72681,1.28802,0.01238,1.17834,0.64523,0.65682,0.66537,0.47196,0.64732,0.65768,0.6573,0.41049,1.19411,2.16995,1.34216,0.01915,0,0.0210157,0.00700525,0.0210157,0.00700525,0.0210157,0.00700525,0.0210157,0.00700525
123,18608.1,1.0765,1.72407,1.27379,0.01215,1.17196,0.65872,0.64666,0.66522,0.47127,0.65731,0.65163,0.6568,0.41111,1.19474,2.18291,1.35378,0.01899,0,0.0209415,0.0069805,0.0209415,0.0069805,0.0209415,0.0069805,0.0209415,0.0069805
124,18758.6,1.07223,1.70072,1.27778,0.01222,1.1589,0.66937,0.65183,0.6752,0.47527,0.66933,0.64724,0.66239,0.41122,1.20637,2.18271,1.34635,0.01945,0,0.0208673,0.00695575,0.0208673,0.00695575,0.0208673,0.00695575,0.0208673,0.00695575
125,18908.4,1.07211,1.70799,1.25633,0.01228,1.15,0.67075,0.65325,0.67534,0.47261,0.67652,0.64122,0.66046,0.40983,1.21718,2.1978,1.33188,0.01944,0,0.020793,0.006931,0.020793,0.006931,0.020793,0.006931,0.020793,0.006931
126,19058.7,1.08183,1.73263,1.26951,0.0123,1.17626,0.68842,0.64467,0.67657,0.47721,0.67488,0.64759,0.66231,0.41178,1.20881,2.20242,1.3313,0.01927,0,0.0207188,0.00690625,0.0207188,0.00690625,0.0207188,0.00690625,0.0207188,0.00690625
127,19209.4,1.08284,1.71821,1.26148,0.01232,1.16729,0.67857,0.6472,0.67941,0.4774,0.67474,0.63741,0.66217,0.41308,1.19795,2.19332,1.32014,0.01912,0,0.0206445,0.0068815,0.0206445,0.0068815,0.0206445,0.0068815,0.0206445,0.0068815
128,19360.4,1.07717,1.69082,1.22944,0.01232,1.11555,0.65206,0.66084,0.67798,0.47911,0.64582,0.6565,0.66305,0.4106,1.19964,2.16152,1.30789,0.01916,0,0.0205703,0.00685675,0.0205703,0.00685675,0.0205703,0.00685675,0.0205703,0.00685675
129,19510.8,1.06306,1.69199,1.22907,0.01226,1.14279,0.65028,0.65838,0.67397,0.47448,0.65289,0.65158,0.65939,0.40898,1.2004,2.16156,1.34073,0.01912,0,0.020496,0.006832,0.020496,0.006832,0.020496,0.006832,0.020496,0.006832
130,19661.5,1.07552,1.71313,1.25304,0.01214,1.14152,0.65134,0.66246,0.67285,0.47669,0.6557,0.64784,0.65697,0.4089,1.19401,2.19701,1.34977,0.0191,0,0.0204217,0.00680725,0.0204217,0.00680725,0.0204217,0.00680725,0.0204217,0.00680725
131,19811.4,1.05948,1.70458,1.24727,0.01192,1.14826,0.66298,0.65785,0.67358,0.47533,0.68121,0.64699,0.66147,0.40923,1.19763,2.16696,1.34415,0.01923,0,0.0203475,0.0067825,0.0203475,0.0067825,0.0203475,0.0067825,0.0203475,0.0067825
132,19963,1.06972,1.71385,1.24493,0.01211,1.13499,0.64862,0.65775,0.67153,0.47468,0.67969,0.63325,0.65635,0.40722,1.21035,2.19073,1.34688,0.01938,0,0.0202732,0.00675775,0.0202732,0.00675775,0.0202732,0.00675775,0.0202732,0.00675775
133,20114.8,1.06535,1.67035,1.2274,0.01217,1.12189,0.66909,0.66187,0.67165,0.47436,0.67476,0.65505,0.6583,0.40778,1.21448,2.1725,1.33611,0.01941,0,0.020199,0.006733,0.020199,0.006733,0.020199,0.006733,0.020199,0.006733
134,20266,1.06556,1.68189,1.22635,0.01204,1.12493,0.67058,0.65315,0.67144,0.47298,0.67215,0.64868,0.65743,0.40715,1.21057,2.17908,1.34655,0.01942,0,0.0201248,0.00670825,0.0201248,0.00670825,0.0201248,0.00670825,0.0201248,0.00670825
135,20422.3,1.0507,1.67932,1.22871,0.01181,1.12719,0.65976,0.65299,0.66748,0.47062,0.65596,0.64209,0.65321,0.4053,1.21018,2.17925,1.36365,0.01933,0,0.0200505,0.0066835,0.0200505,0.0066835,0.0200505,0.0066835,0.0200505,0.0066835
136,20578.8,1.05527,1.68526,1.22187,0.01186,1.10386,0.68323,0.63408,0.66767,0.471,0.68515,0.62831,0.65619,0.40755,1.21385,2.1947,1.36596,0.01944,0,0.0199762,0.00665875,0.0199762,0.00665875,0.0199762,0.00665875,0.0199762,0.00665875
137,20729.6,1.05131,1.65327,1.21078,0.01211,1.10455,0.65571,0.65335,0.66881,0.47241,0.65259,0.64797,0.65557,0.40915,1.20617,2.16827,1.35537,0.01933,0,0.019902,0.006634,0.019902,0.006634,0.019902,0.006634,0.019902,0.006634
138,20881.6,1.05874,1.66912,1.20211,0.012,1.1068,0.68323,0.63516,0.66875,0.47562,0.68625,0.63241,0.65646,0.41049,1.20544,2.19543,1.33734,0.01928,0,0.0198277,0.00660925,0.0198277,0.00660925,0.0198277,0.00660925,0.0198277,0.00660925
139,21033.3,1.0592,1.68247,1.22472,0.01201,1.09787,0.68505,0.63796,0.66618,0.47392,0.67846,0.63616,0.6517,0.40582,1.19707,2.17331,1.34357,0.01908,0,0.0197535,0.0065845,0.0197535,0.0065845,0.0197535,0.0065845,0.0197535,0.0065845
140,21186.1,1.06385,1.68721,1.21089,0.01187,1.0968,0.68601,0.64422,0.67,0.47377,0.66937,0.64023,0.64975,0.40597,1.19338,2.20298,1.34823,0.01905,0,0.0196793,0.00655975,0.0196793,0.00655975,0.0196793,0.00655975,0.0196793,0.00655975
141,21337.7,1.05855,1.65046,1.18625,0.01187,1.08206,0.6842,0.64435,0.66387,0.47071,0.67698,0.63792,0.64973,0.40402,1.19383,2.2115,1.3562,0.01906,0,0.019605,0.006535,0.019605,0.006535,0.019605,0.006535,0.019605,0.006535
142,21488.9,1.05903,1.6501,1.19767,0.01193,1.09156,0.68329,0.632,0.66315,0.4709,0.6686,0.63614,0.6498,0.40362,1.19274,2.22123,1.35932,0.01901,0,0.0195307,0.00651025,0.0195307,0.00651025,0.0195307,0.00651025,0.0195307,0.00651025
143,21639.2,1.04891,1.63305,1.1791,0.0119,1.06965,0.70517,0.61397,0.66588,0.47162,0.65116,0.64953,0.65293,0.40619,1.19232,2.21186,1.35995,0.01906,0,0.0194565,0.0064855,0.0194565,0.0064855,0.0194565,0.0064855,0.0194565,0.0064855
144,21788.9,1.05728,1.65343,1.21609,0.01184,1.09146,0.69574,0.62606,0.66664,0.47195,0.66723,0.63762,0.65144,0.40549,1.18833,2.21591,1.36946,0.01897,0,0.0193823,0.00646075,0.0193823,0.00646075,0.0193823,0.00646075,0.0193823,0.00646075
145,21939.4,1.04342,1.64073,1.17912,0.01158,1.07046,0.65594,0.65559,0.6686,0.47451,0.67575,0.64229,0.65721,0.40731,1.18879,2.23214,1.36598,0.01904,0,0.019308,0.006436,0.019308,0.006436,0.019308,0.006436,0.019308,0.006436
146,22089.5,1.04859,1.65181,1.16684,0.01176,1.06274,0.6467,0.66827,0.66928,0.47568,0.68277,0.64089,0.65674,0.41008,1.18371,2.21594,1.36466,0.01883,0,0.0192337,0.00641125,0.0192337,0.00641125,0.0192337,0.00641125,0.0192337,0.00641125
147,22240.9,1.047,1.64764,1.16606,0.01186,1.06958,0.66766,0.65779,0.67178,0.47971,0.71085,0.62886,0.66039,0.41342,1.18954,2.23572,1.34666,0.01893,0,0.0191595,0.0063865,0.0191595,0.0063865,0.0191595,0.0063865,0.0191595,0.0063865
148,22392,1.06315,1.66763,1.18024,0.0119,1.08885,0.66393,0.67051,0.67609,0.48114,0.6651,0.6598,0.66279,0.41467,1.19836,2.23269,1.32899,0.01924,0,0.0190853,0.00636175,0.0190853,0.00636175,0.0190853,0.00636175,0.0190853,0.00636175
149,22542,1.038,1.63217,1.14899,0.01185,1.04882,0.67673,0.66912,0.6768,0.47988,0.67067,0.66246,0.66531,0.41372,1.1946,2.23621,1.34622,0.01914,0,0.019011,0.006337,0.019011,0.006337,0.019011,0.006337,0.019011,0.006337
150,22692.5,1.03264,1.62086,1.15158,0.01154,1.04567,0.67357,0.67487,0.67795,0.48041,0.67284,0.66088,0.66161,0.41483,1.19816,2.23448,1.33862,0.01921,0,0.0189367,0.00631225,0.0189367,0.00631225,0.0189367,0.00631225,0.0189367,0.00631225
151,22842.8,1.04421,1.62454,1.16333,0.01187,1.06188,0.7088,0.65595,0.67862,0.47987,0.69657,0.6533,0.66226,0.41443,1.19918,2.25231,1.35193,0.01913,0,0.0188625,0.0062875,0.0188625,0.0062875,0.0188625,0.0062875,0.0188625,0.0062875
152,22996.4,1.01978,1.61288,1.14824,0.01159,1.04089,0.6902,0.66751,0.68147,0.48177,0.68154,0.6589,0.66274,0.41482,1.19756,2.25328,1.35291,0.01916,0,0.0187882,0.00626275,0.0187882,0.00626275,0.0187882,0.00626275,0.0187882,0.00626275
153,23147.9,1.03013,1.59939,1.1306,0.01158,1.00937,0.70278,0.65554,0.68357,0.48281,0.69664,0.64652,0.66394,0.41422,1.19997,2.27704,1.34643,0.01907,0,0.018714,0.006238,0.018714,0.006238,0.018714,0.006238,0.018714,0.006238
154,23298.7,1.05683,1.63007,1.1719,0.01178,1.04147,0.70503,0.64759,0.68425,0.48224,0.70042,0.64183,0.66461,0.41472,1.20215,2.27925,1.3439,0.01907,0,0.0186397,0.00621325,0.0186397,0.00621325,0.0186397,0.00621325,0.0186397,0.00621325
155,23450.9,1.03231,1.59372,1.13835,0.01166,1.04254,0.69234,0.64762,0.6784,0.47959,0.69366,0.64252,0.66268,0.41344,1.19745,2.28497,1.34787,0.01902,0,0.0185655,0.0061885,0.0185655,0.0061885,0.0185655,0.0061885,0.0185655,0.0061885
156,23602.9,1.04235,1.61753,1.12114,0.01156,1.02621,0.68989,0.65681,0.68118,0.48317,0.68002,0.65462,0.66304,0.41533,1.18683,2.30856,1.34818,0.01886,0,0.0184913,0.00616375,0.0184913,0.00616375,0.0184913,0.00616375,0.0184913,0.00616375
157,23753.6,1.03274,1.65183,1.14634,0.01159,1.05137,0.6872,0.65446,0.67958,0.48267,0.67884,0.65238,0.6609,0.41529,1.18598,2.28839,1.35311,0.01874,0,0.018417,0.006139,0.018417,0.006139,0.018417,0.006139,0.018417,0.006139
158,23904.7,1.03038,1.61022,1.14608,0.01154,1.02971,0.68664,0.65282,0.67842,0.482,0.68198,0.6478,0.66006,0.41482,1.1888,2.29336,1.35698,0.01885,0,0.0183427,0.00611425,0.0183427,0.00611425,0.0183427,0.00611425,0.0183427,0.00611425
159,24059.2,1.02906,1.61031,1.12732,0.01162,1.01951,0.67395,0.6582,0.67608,0.48095,0.66544,0.65175,0.65882,0.41395,1.18471,2.27942,1.37496,0.01865,0,0.0182685,0.0060895,0.0182685,0.0060895,0.0182685,0.0060895,0.0182685,0.0060895
160,24208.8,1.02415,1.6062,1.13553,0.01142,1.02805,0.67493,0.6608,0.67909,0.48282,0.66487,0.65501,0.66192,0.41553,1.17832,2.29304,1.38463,0.01849,0,0.0181942,0.00606475,0.0181942,0.00606475,0.0181942,0.00606475,0.0181942,0.00606475
161,24359.5,1.02348,1.6199,1.13166,0.0117,1.03059,0.68381,0.66042,0.67729,0.48246,0.67576,0.65397,0.65951,0.4146,1.18591,2.27089,1.37415,0.01873,0,0.01812,0.00604,0.01812,0.00604,0.01812,0.00604,0.01812,0.00604
162,24514.1,1.0189,1.60145,1.12246,0.01129,1.01913,0.69831,0.64914,0.67757,0.48234,0.69208,0.64284,0.66036,0.41355,1.18774,2.26069,1.37404,0.01873,0,0.0180457,0.00601525,0.0180457,0.00601525,0.0180457,0.00601525,0.0180457,0.00601525
163,24667.5,1.02873,1.60428,1.12721,0.01154,1.01183,0.6725,0.66233,0.67593,0.48421,0.66695,0.65644,0.65935,0.41492,1.19133,2.24976,1.37194,0.01886,0,0.0179715,0.0059905,0.0179715,0.0059905,0.0179715,0.0059905,0.0179715,0.0059905
164,24825.6,1.0275,1.58974,1.11405,0.01132,1.00049,0.6941,0.65649,0.67522,0.48412,0.68781,0.6511,0.65928,0.41554,1.1942,2.28695,1.37185,0.01894,0,0.0178972,0.00596575,0.0178972,0.00596575,0.0178972,0.00596575,0.0178972,0.00596575
165,24982.4,1.02015,1.58144,1.11318,0.01152,0.99386,0.68042,0.66562,0.67586,0.48308,0.67865,0.65605,0.65808,0.41322,1.19584,2.28492,1.36843,0.01893,0,0.017823,0.005941,0.017823,0.005941,0.017823,0.005941,0.017823,0.005941
166,25135.2,1.00987,1.58248,1.08921,0.01146,0.96656,0.67338,0.66504,0.67573,0.48292,0.67057,0.65755,0.65869,0.41334,1.19701,2.28251,1.36111,0.01893,0,0.0177488,0.00591625,0.0177488,0.00591625,0.0177488,0.00591625,0.0177488,0.00591625
167,25287.8,1.00937,1.56802,1.10468,0.01128,0.99388,0.6718,0.66434,0.6745,0.48133,0.66659,0.6606,0.65912,0.41182,1.194,2.28638,1.37598,0.01885,0,0.0176745,0.0058915,0.0176745,0.0058915,0.0176745,0.0058915,0.0176745,0.0058915
168,25439.7,1.02447,1.5768,1.09176,0.01136,0.9814,0.66556,0.6694,0.6743,0.48182,0.66413,0.6686,0.66288,0.41258,1.19585,2.30839,1.37474,0.01891,0,0.0176003,0.00586675,0.0176003,0.00586675,0.0176003,0.00586675,0.0176003,0.00586675
169,25592.2,1.0176,1.5631,1.09898,0.01116,0.97855,0.66789,0.66296,0.67301,0.47993,0.66812,0.66327,0.6635,0.41235,1.1974,2.30096,1.37794,0.01903,0,0.017526,0.005842,0.017526,0.005842,0.017526,0.005842,0.017526,0.005842
170,25744.7,1.02695,1.61169,1.10788,0.01155,0.99326,0.69088,0.65499,0.67438,0.47977,0.67592,0.66244,0.65944,0.41085,1.20081,2.31853,1.37733,0.01914,0,0.0174518,0.00581725,0.0174518,0.00581725,0.0174518,0.00581725,0.0174518,0.00581725
171,25898.2,1.00566,1.55775,1.09235,0.01124,0.96344,0.68904,0.6548,0.67272,0.47863,0.68151,0.65903,0.6585,0.41015,1.19763,2.30804,1.38784,0.01908,0,0.0173775,0.0057925,0.0173775,0.0057925,0.0173775,0.0057925,0.0173775,0.0057925
172,26049.8,1.01393,1.57648,1.07536,0.01144,0.97752,0.69686,0.65257,0.67235,0.47821,0.69273,0.65126,0.66007,0.41121,1.19712,2.3062,1.39102,0.01906,0,0.0173032,0.00576775,0.0173032,0.00576775,0.0173032,0.00576775,0.0173032,0.00576775
173,26201.1,1.01134,1.56812,1.08479,0.01121,0.96202,0.69631,0.64717,0.67155,0.4794,0.69206,0.64737,0.66009,0.41305,1.19669,2.30786,1.3927,0.01909,0,0.017229,0.005743,0.017229,0.005743,0.017229,0.005743,0.017229,0.005743
174,26353.1,1.00606,1.56581,1.07042,0.01108,0.96884,0.69548,0.65173,0.67337,0.48106,0.69634,0.64899,0.66196,0.41415,1.20237,2.31039,1.38105,0.01922,0,0.0171547,0.00571825,0.0171547,0.00571825,0.0171547,0.00571825,0.0171547,0.00571825
175,26504.4,1.00389,1.55049,1.06626,0.01116,0.96541,0.69432,0.65194,0.67203,0.48001,0.69306,0.64929,0.65959,0.41243,1.20175,2.31615,1.38572,0.01921,0,0.0170805,0.0056935,0.0170805,0.0056935,0.0170805,0.0056935,0.0170805,0.0056935
176,26656.9,1.00329,1.56473,1.06576,0.01117,0.95715,0.69037,0.65972,0.67303,0.48211,0.68495,0.65482,0.65982,0.4125,1.19933,2.32339,1.39108,0.01913,0,0.0170063,0.00566875,0.0170063,0.00566875,0.0170063,0.00566875,0.0170063,0.00566875
177,26809.2,1.01389,1.55151,1.08399,0.0112,0.95075,0.69031,0.66174,0.67237,0.48051,0.68975,0.65546,0.66088,0.41248,1.20705,2.31391,1.38265,0.01927,0,0.016932,0.005644,0.016932,0.005644,0.016932,0.005644,0.016932,0.005644
178,26962,0.99936,1.52579,1.05509,0.01108,0.94409,0.68466,0.65916,0.67074,0.47991,0.68496,0.65762,0.66059,0.41262,1.2048,2.30959,1.39266,0.01922,0,0.0168578,0.00561925,0.0168578,0.00561925,0.0168578,0.00561925,0.0168578,0.00561925
179,27114.3,1.00076,1.54325,1.05862,0.01119,0.9498,0.69398,0.65414,0.67103,0.48105,0.69583,0.65286,0.66136,0.41369,1.20697,2.32263,1.39195,0.01927,0,0.0167835,0.0055945,0.0167835,0.0055945,0.0167835,0.0055945,0.0167835,0.0055945
180,27267,1.00091,1.53946,1.05689,0.01128,0.93741,0.69525,0.64972,0.67152,0.48123,0.69846,0.65063,0.66223,0.41305,1.20912,2.32506,1.39461,0.01935,0,0.0167092,0.00556975,0.0167092,0.00556975,0.0167092,0.00556975,0.0167092,0.00556975
181,27419.5,0.997,1.53055,1.04646,0.01098,0.93281,0.68406,0.65978,0.67294,0.48273,0.68556,0.65557,0.66133,0.41529,1.20674,2.32194,1.39343,0.01929,0,0.016635,0.005545,0.016635,0.005545,0.016635,0.005545,0.016635,0.005545
182,27571.3,1.01146,1.544,1.06366,0.0113,0.9458,0.68235,0.65794,0.67345,0.48262,0.68947,0.6489,0.66031,0.41554,1.20843,2.33322,1.3906,0.01932,0,0.0165607,0.00552025,0.0165607,0.00552025,0.0165607,0.00552025,0.0165607,0.00552025
183,27726.9,1.00731,1.55465,1.06038,0.01132,0.94228,0.69071,0.6562,0.67326,0.48234,0.68278,0.65527,0.65863,0.41635,1.20354,2.34426,1.39452,0.01921,0,0.0164865,0.0054955,0.0164865,0.0054955,0.0164865,0.0054955,0.0164865,0.0054955
184,27876.3,0.99263,1.53159,1.04935,0.01092,0.92376,0.69658,0.6549,0.67293,0.48188,0.69346,0.6501,0.65754,0.41523,1.20253,2.3542,1.40583,0.01921,0,0.0164122,0.00547075,0.0164122,0.00547075,0.0164122,0.00547075,0.0164122,0.00547075
185,28026.3,1.00641,1.54381,1.05708,0.01115,0.92963,0.68294,0.66921,0.67385,0.48213,0.67744,0.66382,0.65741,0.4149,1.20351,2.35313,1.40442,0.01925,0,0.016338,0.005446,0.016338,0.005446,0.016338,0.005446,0.016338,0.005446
186,28175.7,0.98805,1.53277,1.04527,0.01088,0.94049,0.6821,0.66291,0.67301,0.48116,0.68016,0.65968,0.65778,0.41427,1.20503,2.36048,1.41267,0.01929,0,0.0162637,0.00542125,0.0162637,0.00542125,0.0162637,0.00542125,0.0162637,0.00542125
187,28325.6,1.0015,1.53205,1.03873,0.01107,0.91182,0.67613,0.66067,0.67397,0.48042,0.67438,0.65276,0.65631,0.41387,1.20833,2.38304,1.4064,0.01934,0,0.0161895,0.0053965,0.0161895,0.0053965,0.0161895,0.0053965,0.0161895,0.0053965
188,28475.6,0.99843,1.51251,1.0112,0.01101,0.90604,0.66495,0.67373,0.67392,0.48099,0.66679,0.66501,0.65799,0.41449,1.20691,2.374,1.4077,0.01929,0,0.0161152,0.00537175,0.0161152,0.00537175,0.0161152,0.00537175,0.0161152,0.00537175
189,28625.1,0.99959,1.51749,1.02327,0.01101,0.90957,0.66364,0.67075,0.67326,0.48136,0.66004,0.66519,0.657,0.41477,1.20888,2.3788,1.40574,0.01929,0,0.016041,0.005347,0.016041,0.005347,0.016041,0.005347,0.016041,0.005347
190,28775.3,1.00298,1.52446,1.01882,0.01124,0.91488,0.67339,0.66469,0.67442,0.48167,0.67029,0.65993,0.65661,0.41451,1.20758,2.38439,1.41076,0.0193,0,0.0159668,0.00532225,0.0159668,0.00532225,0.0159668,0.00532225,0.0159668,0.00532225
191,28925.2,0.99159,1.50368,1.00833,0.01114,0.91293,0.67104,0.6632,0.67411,0.48154,0.69056,0.63867,0.65692,0.41385,1.20769,2.3931,1.41292,0.0193,0,0.0158925,0.0052975,0.0158925,0.0052975,0.0158925,0.0052975,0.0158925,0.0052975
192,29074.5,0.9957,1.52346,1.00824,0.01096,0.90223,0.67422,0.66465,0.6753,0.48227,0.68779,0.64075,0.65609,0.41477,1.21172,2.39895,1.4025,0.01934,0,0.0158182,0.00527275,0.0158182,0.00527275,0.0158182,0.00527275,0.0158182,0.00527275
193,29224.5,1.00571,1.52558,1.03148,0.01119,0.92341,0.68791,0.65599,0.67584,0.48265,0.6902,0.64341,0.65698,0.41465,1.21146,2.42976,1.40144,0.01934,0,0.015744,0.005248,0.015744,0.005248,0.015744,0.005248,0.015744,0.005248
194,29373.8,0.99064,1.51426,1.02075,0.01108,0.90402,0.69036,0.65538,0.67565,0.48274,0.68999,0.64533,0.65706,0.41431,1.21526,2.434,1.40195,0.01945,0,0.0156697,0.00522325,0.0156697,0.00522325,0.0156697,0.00522325,0.0156697,0.00522325
195,29523.7,0.99102,1.52457,1.01721,0.01096,0.92223,0.69232,0.65308,0.67457,0.48325,0.68645,0.6477,0.65623,0.41472,1.21288,2.43354,1.40643,0.01941,0,0.0155955,0.0051985,0.0155955,0.0051985,0.0155955,0.0051985,0.0155955,0.0051985
196,29673.2,0.98814,1.52465,1.02116,0.0108,0.90285,0.6989,0.64882,0.67456,0.48291,0.69458,0.64514,0.65848,0.41519,1.2143,2.42938,1.4051,0.01944,0,0.0155212,0.00517375,0.0155212,0.00517375,0.0155212,0.00517375,0.0155212,0.00517375
197,29823.1,0.97543,1.51486,1.0051,0.01085,0.90519,0.69808,0.64463,0.67188,0.4809,0.69296,0.64422,0.65743,0.4146,1.212,2.43814,1.41847,0.01944,0,0.015447,0.005149,0.015447,0.005149,0.015447,0.005149,0.015447,0.005149
198,29972.9,0.98809,1.48728,1.00523,0.011,0.89407,0.66839,0.66788,0.67132,0.48156,0.67267,0.66317,0.65729,0.41469,1.20962,2.42529,1.42173,0.01939,0,0.0153727,0.00512425,0.0153727,0.00512425,0.0153727,0.00512425,0.0153727,0.00512425
199,30122.6,0.98401,1.50318,0.99371,0.0109,0.87921,0.67059,0.67196,0.67382,0.48343,0.67159,0.66505,0.65896,0.41593,1.21085,2.43354,1.41467,0.01939,0,0.0152985,0.0050995,0.0152985,0.0050995,0.0152985,0.0050995,0.0152985,0.0050995
200,30271.8,0.98882,1.51263,0.99329,0.01089,0.88186,0.67491,0.66872,0.67237,0.48305,0.67128,0.66435,0.65882,0.4155,1.21226,2.43511,1.41233,0.01938,0,0.0152242,0.00507475,0.0152242,0.00507475,0.0152242,0.00507475,0.0152242,0.00507475
201,30421,0.982,1.48504,1.00147,0.0109,0.87355,0.67971,0.6697,0.67592,0.48455,0.67784,0.6642,0.6616,0.41576,1.20824,2.44952,1.41538,0.01927,0,0.01515,0.00505,0.01515,0.00505,0.01515,0.00505,0.01515,0.00505
202,30571.2,0.98821,1.49719,0.99446,0.01099,0.88337,0.67556,0.67301,0.67779,0.48487,0.67552,0.67004,0.66297,0.41674,1.2099,2.44901,1.41476,0.01931,0,0.0150757,0.00502525,0.0150757,0.00502525,0.0150757,0.00502525,0.0150757,0.00502525
203,30720.6,0.96405,1.45588,0.97893,0.01075,0.87032,0.68062,0.67157,0.67684,0.48347,0.67386,0.67084,0.66299,0.41675,1.20778,2.44883,1.41498,0.01929,0,0.0150015,0.0050005,0.0150015,0.0050005,0.0150015,0.0050005,0.0150015,0.0050005
204,30870.5,0.96376,1.4787,0.98415,0.01065,0.87083,0.68264,0.67045,0.6761,0.48267,0.67878,0.66668,0.66113,0.41511,1.20806,2.45502,1.41819,0.01929,0,0.0149273,0.00497575,0.0149273,0.00497575,0.0149273,0.00497575,0.0149273,0.00497575
205,31019.8,0.98029,1.49764,1.00616,0.011,0.8885,0.68282,0.67091,0.67607,0.48271,0.67437,0.67136,0.66185,0.41514,1.20693,2.45624,1.42362,0.01925,0,0.014853,0.004951,0.014853,0.004951,0.014853,0.004951,0.014853,0.004951
206,31169.5,0.97508,1.48817,0.98156,0.01075,0.85479,0.68286,0.66765,0.67537,0.4816,0.68078,0.66576,0.66159,0.41529,1.21043,2.45663,1.41572,0.01937,0,0.0147788,0.00492625,0.0147788,0.00492625,0.0147788,0.00492625,0.0147788,0.00492625
207,31319.4,0.97405,1.47003,0.98931,0.01061,0.86241,0.68146,0.66532,0.67543,0.48252,0.68149,0.66613,0.66225,0.41568,1.21173,2.45466,1.41724,0.01938,0,0.0147045,0.0049015,0.0147045,0.0049015,0.0147045,0.0049015,0.0147045,0.0049015
208,31469,0.97236,1.48488,0.99917,0.0108,0.86463,0.69508,0.65575,0.67674,0.48363,0.6852,0.66072,0.663,0.41627,1.21075,2.45449,1.41827,0.01938,0,0.0146303,0.00487675,0.0146303,0.00487675,0.0146303,0.00487675,0.0146303,0.00487675
209,31618.6,0.97772,1.47142,0.98972,0.01085,0.86645,0.69193,0.65838,0.67693,0.48321,0.68568,0.65744,0.66282,0.41595,1.21121,2.45699,1.4175,0.01938,0,0.014556,0.004852,0.014556,0.004852,0.014556,0.004852,0.014556,0.004852
210,31767.7,0.96339,1.46818,0.98247,0.01062,0.84993,0.69159,0.65402,0.67728,0.48238,0.68556,0.65515,0.66213,0.41595,1.21489,2.46441,1.41347,0.01945,0,0.0144817,0.00482725,0.0144817,0.00482725,0.0144817,0.00482725,0.0144817,0.00482725
211,31917.6,0.97034,1.47054,0.96002,0.01061,0.84903,0.6853,0.65842,0.67705,0.48403,0.68114,0.65797,0.663,0.41735,1.2155,2.47253,1.41292,0.01947,0,0.0144075,0.0048025,0.0144075,0.0048025,0.0144075,0.0048025,0.0144075,0.0048025
212,32067.4,0.96521,1.46116,0.96944,0.01051,0.85861,0.67294,0.67353,0.67726,0.48303,0.67878,0.66257,0.66052,0.41564,1.21697,2.46781,1.41511,0.01951,0,0.0143333,0.00477775,0.0143333,0.00477775,0.0143333,0.00477775,0.0143333,0.00477775
213,32217.4,0.96009,1.47364,0.96957,0.01061,0.84763,0.69225,0.65718,0.67726,0.48211,0.68382,0.65441,0.66096,0.41494,1.21928,2.47658,1.41165,0.01953,0,0.014259,0.004753,0.014259,0.004753,0.014259,0.004753,0.014259,0.004753
214,32367.2,0.96139,1.46102,0.95326,0.01063,0.85755,0.69025,0.65975,0.67692,0.48223,0.68409,0.65802,0.66029,0.41447,1.21905,2.46625,1.41627,0.0195,0,0.0141848,0.00472825,0.0141848,0.00472825,0.0141848,0.00472825,0.0141848,0.00472825
215,32517.1,0.97045,1.46714,0.97529,0.01054,0.83455,0.70657,0.64496,0.67548,0.48149,0.6881,0.65172,0.6598,0.41417,1.21635,2.46993,1.42374,0.01949,0,0.0141105,0.0047035,0.0141105,0.0047035,0.0141105,0.0047035,0.0141105,0.0047035
216,32666.6,0.95174,1.4715,0.93502,0.01042,0.81345,0.702,0.65002,0.67467,0.48145,0.68177,0.65635,0.65865,0.41379,1.21805,2.46795,1.42313,0.01947,0,0.0140363,0.00467875,0.0140363,0.00467875,0.0140363,0.00467875,0.0140363,0.00467875
217,32816.5,0.94909,1.43688,0.93304,0.01062,0.84478,0.68865,0.6615,0.67521,0.48229,0.682,0.65724,0.65927,0.41545,1.21848,2.46822,1.42026,0.01946,0,0.013962,0.004654,0.013962,0.004654,0.013962,0.004654,0.013962,0.004654
218,32965.5,0.94957,1.46131,0.94121,0.01059,0.82137,0.70792,0.64809,0.67472,0.48189,0.69005,0.65096,0.65803,0.41482,1.21743,2.46134,1.42177,0.01939,0,0.0138878,0.00462925,0.0138878,0.00462925,0.0138878,0.00462925,0.0138878,0.00462925
219,33115.9,0.96002,1.43716,0.94441,0.01057,0.82908,0.69002,0.65856,0.67472,0.48175,0.68323,0.65548,0.65778,0.41417,1.21621,2.46715,1.42459,0.01938,0,0.0138135,0.0046045,0.0138135,0.0046045,0.0138135,0.0046045,0.0138135,0.0046045
220,33265.9,0.95779,1.44129,0.95716,0.01046,0.82944,0.70971,0.64802,0.67317,0.48128,0.6856,0.65594,0.65674,0.41388,1.2165,2.47165,1.42306,0.01937,0,0.0137392,0.00457975,0.0137392,0.00457975,0.0137392,0.00457975,0.0137392,0.00457975
221,33416,0.95284,1.44984,0.97254,0.01055,0.82015,0.69851,0.65296,0.67331,0.48155,0.6902,0.6521,0.65683,0.41374,1.21665,2.47633,1.42176,0.01939,0,0.013665,0.004555,0.013665,0.004555,0.013665,0.004555,0.013665,0.004555
222,33565.7,0.94258,1.41978,0.92394,0.01042,0.8021,0.70062,0.65119,0.67272,0.48183,0.69645,0.65055,0.65834,0.41425,1.21542,2.48033,1.42441,0.01937,0,0.0135908,0.00453025,0.0135908,0.00453025,0.0135908,0.00453025,0.0135908,0.00453025
223,33715.6,0.95178,1.42084,0.93731,0.01041,0.80754,0.7096,0.65069,0.67522,0.48321,0.69928,0.65116,0.66043,0.4158,1.21363,2.47601,1.41963,0.01932,0,0.0135165,0.0045055,0.0135165,0.0045055,0.0135165,0.0045055,0.0135165,0.0045055
224,33864.7,0.96443,1.43964,0.94073,0.01048,0.80194,0.70399,0.65551,0.67522,0.48328,0.69542,0.6538,0.66057,0.41598,1.21465,2.47866,1.42209,0.01935,0,0.0134422,0.00448075,0.0134422,0.00448075,0.0134422,0.00448075,0.0134422,0.00448075
225,34014.4,0.93969,1.40361,0.90853,0.01018,0.79196,0.70506,0.65435,0.67468,0.48265,0.69646,0.65029,0.65898,0.41521,1.21612,2.48161,1.4208,0.01938,0,0.013368,0.004456,0.013368,0.004456,0.013368,0.004456,0.013368,0.004456
226,34163.9,0.93356,1.43263,0.92745,0.01028,0.79603,0.69902,0.65455,0.675,0.48245,0.69188,0.64948,0.659,0.41533,1.21324,2.48298,1.42561,0.01933,0,0.0132938,0.00443125,0.0132938,0.00443125,0.0132938,0.00443125,0.0132938,0.00443125
227,34313.4,0.94816,1.44049,0.93424,0.01039,0.80974,0.70123,0.65578,0.67344,0.48123,0.6926,0.6523,0.65724,0.41377,1.21473,2.49389,1.42325,0.01937,0,0.0132195,0.0044065,0.0132195,0.0044065,0.0132195,0.0044065,0.0132195,0.0044065
228,34463.1,0.95066,1.4199,0.91879,0.01034,0.7816,0.69215,0.66153,0.67407,0.48121,0.68798,0.6585,0.65828,0.41331,1.21431,2.49682,1.42326,0.01938,0,0.0131452,0.00438175,0.0131452,0.00438175,0.0131452,0.00438175,0.0131452,0.00438175
229,34612.2,0.93487,1.42395,0.90654,0.01014,0.78964,0.70159,0.65428,0.67477,0.4825,0.69486,0.64877,0.65858,0.41372,1.21371,2.49866,1.4266,0.01938,0,0.013071,0.004357,0.013071,0.004357,0.013071,0.004357,0.013071,0.004357
230,34762,0.9476,1.40939,0.9107,0.01028,0.79388,0.70466,0.65346,0.67444,0.48268,0.69146,0.64987,0.6586,0.41389,1.21153,2.4968,1.42859,0.01935,0,0.0129967,0.00433225,0.0129967,0.00433225,0.0129967,0.00433225,0.0129967,0.00433225
231,34911.6,0.93815,1.40543,0.889,0.0102,0.77952,0.71242,0.64986,0.67413,0.48248,0.71332,0.63839,0.65801,0.41389,1.21295,2.49895,1.42964,0.01938,0,0.0129225,0.0043075,0.0129225,0.0043075,0.0129225,0.0043075,0.0129225,0.0043075
232,35061.1,0.93465,1.41177,0.90479,0.01021,0.76959,0.70422,0.6507,0.67425,0.48266,0.69744,0.64483,0.65774,0.4144,1.21197,2.49454,1.4384,0.01936,0,0.0128483,0.00428275,0.0128483,0.00428275,0.0128483,0.00428275,0.0128483,0.00428275
233,35210.5,0.93396,1.42136,0.89997,0.01019,0.77938,0.7104,0.64802,0.67362,0.48212,0.70319,0.64262,0.65677,0.41348,1.21229,2.49548,1.43693,0.01932,0,0.012774,0.004258,0.012774,0.004258,0.012774,0.004258,0.012774,0.004258
234,35360,0.93249,1.41755,0.92208,0.01011,0.78745,0.718,0.6395,0.67245,0.48109,0.66624,0.66608,0.65584,0.41345,1.21222,2.49763,1.43896,0.01933,0,0.0126997,0.00423325,0.0126997,0.00423325,0.0126997,0.00423325,0.0126997,0.00423325
235,35509.4,0.93713,1.40357,0.89347,0.01005,0.75563,0.72398,0.63695,0.67205,0.48098,0.70211,0.63818,0.65631,0.41329,1.21197,2.50439,1.43783,0.01931,0,0.0126255,0.0042085,0.0126255,0.0042085,0.0126255,0.0042085,0.0126255,0.0042085
236,35659.6,0.93797,1.41878,0.89261,0.01017,0.76686,0.70806,0.64608,0.67193,0.48062,0.67044,0.66593,0.65545,0.41313,1.21277,2.50578,1.43781,0.01931,0,0.0125512,0.00418375,0.0125512,0.00418375,0.0125512,0.00418375,0.0125512,0.00418375
237,35808.5,0.93205,1.40605,0.89886,0.01,0.77672,0.68727,0.6688,0.67338,0.48208,0.6779,0.66317,0.65726,0.41429,1.21232,2.51372,1.43731,0.0193,0,0.012477,0.004159,0.012477,0.004159,0.012477,0.004159,0.012477,0.004159
238,35958.4,0.93673,1.39921,0.90826,0.01011,0.76988,0.68171,0.67375,0.67289,0.48121,0.67059,0.66643,0.65568,0.41331,1.21201,2.51613,1.43987,0.01929,0,0.0124027,0.00413425,0.0124027,0.00413425,0.0124027,0.00413425,0.0124027,0.00413425
239,36107.4,0.9189,1.40011,0.88495,0.01004,0.74231,0.68383,0.6707,0.6733,0.48208,0.66964,0.66644,0.65639,0.41359,1.21535,2.51379,1.43635,0.01935,0,0.0123285,0.0041095,0.0123285,0.0041095,0.0123285,0.0041095,0.0123285,0.0041095
240,36256.9,0.91847,1.39948,0.87999,0.00999,0.75157,0.70136,0.65648,0.67456,0.48287,0.67739,0.66535,0.65706,0.41449,1.21276,2.5141,1.43828,0.01931,0,0.0122542,0.00408475,0.0122542,0.00408475,0.0122542,0.00408475,0.0122542,0.00408475
241,36406.6,0.92022,1.3823,0.88644,0.01012,0.73668,0.69008,0.66982,0.67454,0.48297,0.67854,0.6621,0.6557,0.41438,1.21118,2.5148,1.44334,0.01927,0,0.01218,0.00406,0.01218,0.00406,0.01218,0.00406,0.01218,0.00406
242,36556.5,0.9167,1.36641,0.8601,0.01002,0.71788,0.68879,0.67009,0.67523,0.48339,0.67699,0.66113,0.65557,0.41451,1.21016,2.52796,1.4425,0.01926,0,0.0121057,0.00403525,0.0121057,0.00403525,0.0121057,0.00403525,0.0121057,0.00403525
243,36706.5,0.91973,1.38428,0.88578,0.0098,0.75683,0.68235,0.67413,0.67454,0.48166,0.66837,0.66639,0.65382,0.41291,1.20882,2.51633,1.44582,0.01922,0,0.0120315,0.0040105,0.0120315,0.0040105,0.0120315,0.0040105,0.0120315,0.0040105
244,36856.3,0.9244,1.38959,0.88064,0.01005,0.75884,0.68322,0.67662,0.67527,0.48207,0.66508,0.67085,0.65434,0.41311,1.20653,2.51388,1.45045,0.01913,0,0.0119572,0.00398575,0.0119572,0.00398575,0.0119572,0.00398575,0.0119572,0.00398575
245,37017,0.9165,1.37701,0.89165,0.01001,0.75988,0.68288,0.68011,0.67577,0.48277,0.66911,0.67208,0.65525,0.41342,1.20751,2.51686,1.44968,0.01914,0,0.011883,0.003961,0.011883,0.003961,0.011883,0.003961,0.011883,0.003961
246,37170.7,0.92008,1.36804,0.87647,0.00992,0.72297,0.68672,0.67695,0.67519,0.48206,0.6736,0.66809,0.65427,0.41305,1.20721,2.51046,1.45217,0.01915,0,0.0118087,0.00393625,0.0118087,0.00393625,0.0118087,0.00393625,0.0118087,0.00393625
247,37320.1,0.9194,1.37206,0.85928,0.00981,0.74286,0.69037,0.67201,0.67442,0.48264,0.67777,0.66332,0.65473,0.41299,1.20977,2.50958,1.45003,0.01922,0,0.0117345,0.0039115,0.0117345,0.0039115,0.0117345,0.0039115,0.0117345,0.0039115
248,37481.8,0.92074,1.38106,0.85553,0.00992,0.74352,0.69303,0.67204,0.67412,0.48231,0.67671,0.66427,0.65487,0.41284,1.20772,2.51088,1.45722,0.01912,0,0.0116602,0.00388675,0.0116602,0.00388675,0.0116602,0.00388675,0.0116602,0.00388675
249,37691.7,0.90753,1.35239,0.86262,0.00974,0.74453,0.69288,0.67278,0.67413,0.4816,0.67771,0.66336,0.65397,0.41251,1.20946,2.51121,1.45601,0.01915,0,0.011586,0.003862,0.011586,0.003862,0.011586,0.003862,0.011586,0.003862
250,37911.2,0.9153,1.36562,0.8639,0.00992,0.76316,0.69663,0.67265,0.67492,0.48203,0.6836,0.66255,0.65512,0.41316,1.21163,2.52226,1.45199,0.01923,0,0.0115117,0.00383725,0.0115117,0.00383725,0.0115117,0.00383725,0.0115117,0.00383725
251,38133,0.90238,1.35743,0.85897,0.00975,0.74087,0.69135,0.6739,0.67532,0.48288,0.67799,0.66372,0.6554,0.41366,1.21015,2.49816,1.45023,0.0192,0,0.0114375,0.0038125,0.0114375,0.0038125,0.0114375,0.0038125,0.0114375,0.0038125
252,38349,0.89856,1.35192,0.83305,0.00976,0.72187,0.69244,0.67374,0.67515,0.48281,0.68108,0.66403,0.65591,0.41407,1.21153,2.51156,1.44634,0.01925,0,0.0113633,0.00378775,0.0113633,0.00378775,0.0113633,0.00378775,0.0113633,0.00378775
253,38569.2,0.90132,1.35281,0.83315,0.00988,0.71862,0.69515,0.66414,0.67452,0.48196,0.6847,0.65346,0.65509,0.41391,1.21307,2.53073,1.44555,0.01929,0,0.011289,0.003763,0.011289,0.003763,0.011289,0.003763,0.011289,0.003763
254,38790.1,0.90579,1.33563,0.83719,0.00973,0.72389,0.69433,0.66322,0.67289,0.48078,0.68312,0.65352,0.65343,0.41317,1.21347,2.53394,1.4457,0.01928,0,0.0112148,0.00373825,0.0112148,0.00373825,0.0112148,0.00373825,0.0112148,0.00373825
255,39008.1,0.90702,1.33966,0.84492,0.00966,0.71892,0.68763,0.67203,0.67303,0.48037,0.67745,0.66484,0.65402,0.41347,1.21321,2.53618,1.44837,0.01929,0,0.0111405,0.0037135,0.0111405,0.0037135,0.0111405,0.0037135,0.0111405,0.0037135
256,39228.2,0.91333,1.34552,0.8334,0.00992,0.70651,0.67143,0.68235,0.6728,0.48011,0.66145,0.67247,0.65402,0.41327,1.21348,2.53725,1.44995,0.01928,0,0.0110663,0.00368875,0.0110663,0.00368875,0.0110663,0.00368875,0.0110663,0.00368875
257,39449.8,0.9093,1.35383,0.84346,0.00976,0.70984,0.71735,0.64612,0.67181,0.47997,0.67213,0.66019,0.65387,0.41337,1.21347,2.53976,1.45054,0.01929,0,0.010992,0.003664,0.010992,0.003664,0.010992,0.003664,0.010992,0.003664
258,39670.9,0.90526,1.34581,0.83084,0.00976,0.70036,0.68353,0.67366,0.67229,0.47966,0.67167,0.66461,0.65471,0.41341,1.21432,2.54106,1.45044,0.01931,0,0.0109178,0.00363925,0.0109178,0.00363925,0.0109178,0.00363925,0.0109178,0.00363925
259,39887.2,0.90188,1.36637,0.83572,0.0097,0.70859,0.68809,0.66855,0.67256,0.47955,0.67863,0.6595,0.6554,0.41353,1.21573,2.54371,1.44919,0.01934,0,0.0108435,0.0036145,0.0108435,0.0036145,0.0108435,0.0036145,0.0108435,0.0036145
260,40107.4,0.89473,1.33821,0.82664,0.00961,0.69932,0.66807,0.68894,0.67227,0.47984,0.66686,0.67176,0.65474,0.41368,1.21501,2.52776,1.45206,0.01933,0,0.0107693,0.00358975,0.0107693,0.00358975,0.0107693,0.00358975,0.0107693,0.00358975
261,40329,0.88499,1.33015,0.80859,0.00944,0.69997,0.66597,0.68853,0.6722,0.47973,0.6708,0.66783,0.65545,0.41324,1.21597,2.5272,1.45486,0.01935,0,0.010695,0.003565,0.010695,0.003565,0.010695,0.003565,0.010695,0.003565
262,40546.2,0.89596,1.31983,0.8308,0.00972,0.70569,0.67964,0.6791,0.67314,0.48038,0.66947,0.66995,0.65543,0.41373,1.21732,2.52821,1.45436,0.01938,0,0.0106207,0.00354025,0.0106207,0.00354025,0.0106207,0.00354025,0.0106207,0.00354025
263,40767.3,0.90068,1.32077,0.8302,0.00986,0.70542,0.67023,0.68827,0.67202,0.48014,0.66661,0.67162,0.6553,0.41345,1.21593,2.52742,1.46149,0.01934,0,0.0105465,0.0035155,0.0105465,0.0035155,0.0105465,0.0035155,0.0105465,0.0035155
264,40988.3,0.88546,1.32069,0.82155,0.00952,0.68124,0.67322,0.68697,0.67385,0.48082,0.67162,0.66906,0.65606,0.41438,1.21598,2.52795,1.46063,0.01937,0,0.0104723,0.00349075,0.0104723,0.00349075,0.0104723,0.00349075,0.0104723,0.00349075
265,41207.6,0.90679,1.35109,0.82837,0.00968,0.69693,0.68258,0.67791,0.67464,0.48085,0.67176,0.66854,0.65563,0.41445,1.2155,2.52759,1.46205,0.01936,0,0.010398,0.003466,0.010398,0.003466,0.010398,0.003466,0.010398,0.003466
266,41427.4,0.88775,1.31642,0.80262,0.00951,0.69369,0.68115,0.6757,0.67419,0.48049,0.67299,0.66636,0.65492,0.41391,1.2144,2.53023,1.46693,0.01934,0,0.0103237,0.00344125,0.0103237,0.00344125,0.0103237,0.00344125,0.0103237,0.00344125
267,41650,0.88629,1.32307,0.80112,0.00933,0.68142,0.68808,0.67176,0.6738,0.48071,0.6777,0.66187,0.65476,0.41403,1.21536,2.53199,1.46529,0.01936,0,0.0102495,0.0034165,0.0102495,0.0034165,0.0102495,0.0034165,0.0102495,0.0034165
268,41872.3,0.87644,1.3098,0.79289,0.00943,0.66677,0.68458,0.67434,0.67376,0.48062,0.67875,0.65907,0.65415,0.41414,1.2162,2.53332,1.46531,0.01937,0,0.0101753,0.00339175,0.0101753,0.00339175,0.0101753,0.00339175,0.0101753,0.00339175
269,42090,0.87262,1.29673,0.79175,0.00941,0.67958,0.71962,0.64908,0.67431,0.48122,0.70856,0.63789,0.65668,0.41518,1.21649,2.53703,1.4649,0.01936,0,0.010101,0.003367,0.010101,0.003367,0.010101,0.003367,0.010101,0.003367
270,42311.3,0.88372,1.30686,0.78728,0.00951,0.68022,0.71739,0.64842,0.67274,0.47988,0.70747,0.63768,0.65429,0.41353,1.21518,2.54232,1.47062,0.01934,0,0.0100267,0.00334225,0.0100267,0.00334225,0.0100267,0.00334225,0.0100267,0.00334225
271,42532.1,0.88263,1.32901,0.79749,0.00961,0.68288,0.71651,0.64788,0.67195,0.47906,0.70743,0.63691,0.65388,0.41339,1.21591,2.56373,1.47027,0.01936,0,0.0099525,0.0033175,0.0099525,0.0033175,0.0099525,0.0033175,0.0099525,0.0033175
272,42749,0.88367,1.32064,0.77999,0.00949,0.65927,0.71545,0.6471,0.67185,0.47865,0.70944,0.63682,0.65395,0.41329,1.21557,2.56509,1.4708,0.01935,0,0.00987825,0.00329275,0.00987825,0.00329275,0.00987825,0.00329275,0.00987825,0.00329275
273,42971.3,0.88459,1.30703,0.7886,0.00944,0.64878,0.70428,0.66076,0.67223,0.47931,0.7057,0.6386,0.65379,0.41364,1.21505,2.54961,1.47191,0.01933,0,0.009804,0.003268,0.009804,0.003268,0.009804,0.003268,0.009804,0.003268
274,43192.9,0.87925,1.31056,0.77802,0.00954,0.67539,0.69253,0.67016,0.67278,0.47989,0.68578,0.65635,0.6537,0.41425,1.21545,2.5523,1.47277,0.01938,0,0.00972975,0.00324325,0.00972975,0.00324325,0.00972975,0.00324325,0.00972975,0.00324325
275,43414.6,0.88159,1.30507,0.80405,0.00937,0.67925,0.68003,0.67933,0.67319,0.4795,0.70759,0.6394,0.65458,0.41389,1.21761,2.55409,1.47035,0.0194,0,0.0096555,0.0032185,0.0096555,0.0032185,0.0096555,0.0032185,0.0096555,0.0032185
276,43635.2,0.87122,1.31373,0.7955,0.00944,0.66644,0.68619,0.67702,0.67361,0.47972,0.67917,0.66346,0.65533,0.41414,1.21741,2.55404,1.47039,0.0194,0,0.00958125,0.00319375,0.00958125,0.00319375,0.00958125,0.00319375,0.00958125,0.00319375
277,43858.1,0.86687,1.28548,0.75124,0.00944,0.6477,0.68589,0.6761,0.67346,0.47968,0.67839,0.66166,0.65526,0.41375,1.21627,2.55108,1.4696,0.01941,0,0.009507,0.003169,0.009507,0.003169,0.009507,0.003169,0.009507,0.003169
278,44081.2,0.86403,1.28673,0.76269,0.00922,0.66318,0.68571,0.67343,0.67344,0.47982,0.67859,0.66206,0.65555,0.41349,1.21571,2.55068,1.47268,0.01938,0,0.00943275,0.00314425,0.00943275,0.00314425,0.00943275,0.00314425,0.00943275,0.00314425
279,44299.4,0.87153,1.29554,0.78325,0.00934,0.64523,0.68614,0.67463,0.67315,0.47941,0.67616,0.66503,0.65693,0.41339,1.21702,2.55392,1.47215,0.01938,0,0.0093585,0.0031195,0.0093585,0.0031195,0.0093585,0.0031195,0.0093585,0.0031195
280,44521.7,0.86115,1.28973,0.77278,0.00916,0.64386,0.68493,0.67686,0.67253,0.47934,0.67374,0.66701,0.65508,0.41281,1.2182,2.55368,1.47108,0.01941,0,0.00928425,0.00309475,0.00928425,0.00309475,0.00928425,0.00309475,0.00928425,0.00309475
281,44744.5,0.86675,1.27315,0.76508,0.00906,0.63768,0.68351,0.6801,0.67239,0.47909,0.67274,0.66979,0.65668,0.41301,1.21929,2.55507,1.47059,0.01942,0,0.00921,0.00307,0.00921,0.00307,0.00921,0.00307,0.00921,0.00307
282,44963.2,0.85892,1.2649,0.76418,0.00915,0.64221,0.68413,0.67954,0.67232,0.47886,0.67238,0.66801,0.65467,0.41324,1.21931,2.55711,1.4711,0.01942,0,0.00913575,0.00304525,0.00913575,0.00304525,0.00913575,0.00304525,0.00913575,0.00304525
283,45185.8,0.86627,1.2709,0.75549,0.00929,0.63329,0.68373,0.68073,0.67195,0.47888,0.6735,0.66941,0.65613,0.41331,1.21762,2.54804,1.47493,0.0194,0,0.0090615,0.0030205,0.0090615,0.0030205,0.0090615,0.0030205,0.0090615,0.0030205
284,45407.7,0.86125,1.27497,0.764,0.00915,0.63355,0.68497,0.678,0.6721,0.47869,0.67441,0.66646,0.6568,0.41357,1.21932,2.54998,1.47273,0.01943,0,0.00898725,0.00299575,0.00898725,0.00299575,0.00898725,0.00299575,0.00898725,0.00299575
285,45627.2,0.86803,1.27898,0.76343,0.00923,0.66287,0.68605,0.67806,0.67246,0.47942,0.67661,0.66441,0.65761,0.41402,1.21966,2.55989,1.47146,0.01946,0,0.008913,0.002971,0.008913,0.002971,0.008913,0.002971,0.008913,0.002971
286,45846.2,0.87112,1.28259,0.74893,0.00925,0.63063,0.68351,0.67569,0.67239,0.47974,0.67382,0.66668,0.6577,0.41387,1.22103,2.56029,1.47054,0.01947,0,0.00883875,0.00294625,0.00883875,0.00294625,0.00883875,0.00294625,0.00883875,0.00294625
287,46068.6,0.85113,1.26547,0.7499,0.00912,0.64179,0.68305,0.68593,0.67261,0.47993,0.67134,0.67558,0.65848,0.41407,1.22021,2.56007,1.47406,0.01947,0,0.0087645,0.0029215,0.0087645,0.0029215,0.0087645,0.0029215,0.0087645,0.0029215
288,46290.6,0.84695,1.2458,0.74613,0.00892,0.61382,0.68045,0.6845,0.67198,0.47965,0.66977,0.67508,0.65747,0.41382,1.22052,2.56159,1.47581,0.01948,0,0.00869025,0.00289675,0.00869025,0.00289675,0.00869025,0.00289675,0.00869025,0.00289675
289,46507.8,0.85779,1.26794,0.74283,0.00901,0.62863,0.68058,0.68519,0.67207,0.47911,0.67053,0.67607,0.65712,0.41363,1.22052,2.56331,1.48028,0.01946,0,0.008616,0.002872,0.008616,0.002872,0.008616,0.002872,0.008616,0.002872
290,46729.2,0.86071,1.25923,0.75637,0.00914,0.629,0.68085,0.68503,0.67221,0.47873,0.67177,0.67493,0.65765,0.41359,1.2205,2.56347,1.48147,0.01946,0,0.00854175,0.00284725,0.00854175,0.00284725,0.00854175,0.00284725,0.00854175,0.00284725
291,46951.4,0.84417,1.25645,0.73992,0.00899,0.62022,0.6805,0.68503,0.67232,0.47883,0.67041,0.67545,0.65763,0.41356,1.21828,2.56388,1.48528,0.01942,0,0.0084675,0.0028225,0.0084675,0.0028225,0.0084675,0.0028225,0.0084675,0.0028225
292,47170,0.85401,1.26053,0.75509,0.00907,0.63396,0.67621,0.69033,0.67246,0.47899,0.66709,0.68228,0.65911,0.41395,1.21974,2.56684,1.48499,0.01946,0,0.00839325,0.00279775,0.00839325,0.00279775,0.00839325,0.00279775,0.00839325,0.00279775
293,47392.1,0.84199,1.25721,0.73797,0.00895,0.62704,0.68023,0.68276,0.67266,0.4787,0.67167,0.67425,0.65964,0.41428,1.21914,2.56879,1.48645,0.01944,0,0.008319,0.002773,0.008319,0.002773,0.008319,0.002773,0.008319,0.002773
294,47614.5,0.84203,1.25518,0.73685,0.00892,0.61335,0.67861,0.68537,0.67251,0.47868,0.66913,0.67935,0.65972,0.4144,1.21954,2.57114,1.48732,0.01944,0,0.00824475,0.00274825,0.00824475,0.00274825,0.00824475,0.00274825,0.00824475,0.00274825
295,47834.7,0.83453,1.2628,0.73826,0.00885,0.63388,0.6754,0.68517,0.67173,0.47867,0.66677,0.68069,0.65973,0.41428,1.219,2.57271,1.48871,0.01943,0,0.0081705,0.0027235,0.0081705,0.0027235,0.0081705,0.0027235,0.0081705,0.0027235
296,48053.9,0.84251,1.25705,0.72445,0.00905,0.61363,0.67127,0.68487,0.67122,0.47884,0.71057,0.64182,0.65922,0.41428,1.22098,2.57468,1.48682,0.01946,0,0.00809625,0.00269875,0.00809625,0.00269875,0.00809625,0.00269875,0.00809625,0.00269875
297,48276.2,0.83956,1.24091,0.72302,0.00884,0.58766,0.67527,0.68568,0.67158,0.47874,0.66529,0.67676,0.65895,0.41413,1.22248,2.578,1.48602,0.01951,0,0.008022,0.002674,0.008022,0.002674,0.008022,0.002674,0.008022,0.002674
298,48498.2,0.83697,1.2437,0.71536,0.00892,0.60305,0.67396,0.69055,0.67262,0.4792,0.70669,0.65113,0.65859,0.41425,1.2215,2.57886,1.48985,0.0195,0,0.00794775,0.00264925,0.00794775,0.00264925,0.00794775,0.00264925,0.00794775,0.00264925
299,48715.8,0.84256,1.25787,0.72432,0.00886,0.60437,0.67009,0.69434,0.67255,0.47896,0.70885,0.64824,0.65811,0.41416,1.22301,2.57696,1.48974,0.01953,0,0.0078735,0.0026245,0.0078735,0.0026245,0.0078735,0.0026245,0.0078735,0.0026245
300,48937.7,0.83464,1.24171,0.71582,0.00869,0.60194,0.67194,0.6931,0.67223,0.47908,0.70861,0.65001,0.65735,0.41364,1.22242,2.58022,1.49143,0.01953,0,0.00779925,0.00259975,0.00779925,0.00259975,0.00779925,0.00259975,0.00779925,0.00259975
301,49159.4,0.83466,1.22172,0.71217,0.00882,0.59715,0.66748,0.69442,0.67195,0.47837,0.70523,0.65014,0.65831,0.4133,1.2218,2.58293,1.49461,0.0195,0,0.007725,0.002575,0.007725,0.002575,0.007725,0.002575,0.007725,0.002575
302,49376.7,0.8384,1.25056,0.71798,0.00882,0.59667,0.66602,0.69565,0.67141,0.47823,0.70742,0.64941,0.65777,0.41252,1.22208,2.58486,1.49489,0.0195,0,0.00765075,0.00255025,0.00765075,0.00255025,0.00765075,0.00255025,0.00765075,0.00255025
